Why this code is failing for this particular test case class Solution {
    private int[] findNSE(int[] arr){
        int n = arr.length;
        int[] nse = new int[n];
        Stack<Integer> st = new Stack<>();
        for(int i = n-1; i >=0;i-- ){
            while(!st.isEmpty() && arr[st.peek()] >= arr[i]){
                st.pop();
            }
            nse[i] = st.isEmpty() ? n : st.peek();
            st.push(i);
        }
        return nse;
    }
    private int[] findPSEE(int[] arr){
        int n = arr.length;
        int[] psee = new int[n];
        Stack<Integer> st = new Stack<>();
        for(int i = 0 ; i < n ; i++){
            while(!st.isEmpty() && arr[st.peek()] > arr[i]){
                    st.pop();
            }
            psee[i] = st.isEmpty()?-1:st.peek();
            st.push(i); 
        }
        return psee;
    }
    public int sumSubarrayMins(int[] arr) {
        // int n = arr.length;
        // int sum = 0 ; 
        // int mod = (int)1e9+7;
        // for(int i = 0 ; i < n ; i++){
        //     int mini = arr[i];
        //     for(int j = i ;  j < n ; j++){
        //         mini = Math.min(mini,arr[j]);
        //         sum = (sum + mini) % mod;
        //     }

        // }
        // return sum;

        int[] nse = findNSE(arr);
        int[] psee = findPSEE(arr);
        int total = 0; 
        int n  = arr.length;
        int mod = (int)(1e9+7);
        for(int i = 0 ; i < n ; i++){
            int left = i - psee[i];
            int right = nse[i] - i ; 
            total = (total +(int)(right * left * 1L* arr[i])%mod)%mod;


        }
        return total;

    }
}
[89320,220566,11274,214010,775940,549228,674000,370949,154932,993091,550416,486344,941827,552875,561848,570348,140270,50859,496444,567132,615084,935656,292736,227864,414,818668,503039,877964,197662,989729,668703,16692,812253,989487,543372,664421,568533,133133,684967,247395,802606,426616,982343,311686,866627,30580,693575,94060,265561,532199,427892,912016,246700,633417,701376,909028,964535,39010,585426,986606,977405,476683,321353,886109,762164,390718,305566,220188,963566,665638,604983,578880,145060,753096,626111,636452,492289,641872,616406,908499,853814,388796,216451,329307,5715,903778,495389,537435,531222,925463,58638,427572,127271,715011,295994,311940,766651,83674,379368,828897,18164,72910,883731,288277,346668,459756,290853,904122,158531,652786,281657,712802,79916,942799,945724,384286,756086,302269,105782,37463,487417,620420,405046,803122,496083,749994,267634,664288,286189,922824,5717,88912,304005,594034,101052,840700,154807,736065,930146,867430,709608,24311,385697,945195,158077,924675,304181,229994,469269,162387,636140,504452,840601,991011,724637,203665,419396,595655,660083,936140,142734,186197,527059,495248,388529,891877,367986,324400,481588,501400,211783,703914,799041,776155,126018,265073,20950,631549,867333,513817,642079,974199,78771,465837,27021,356657,108184,737652,299693,457613,430328,888224,982179,432816,179759,807529,661177,904930,247662,845188,7214,732049,989885,657309,126420,922203,259795,588718,180128,95550,194126,226399,382779,189359,499826,666959,857712,744116,601644,540291,759587,325312,401598,931559,489144,276748,629027,387994,920068,85978,519723,776480,193789,484622,485287,98525,894737,443852,377373,86637,483751,432979,774191,690507,406814,289656,120974,430278,606043,908421,539892,859407,490164,767715,85550,644506,313541,186068,983019,177070,168609,155479,749492,544576,523788,218434,91730,634189,255839,298743,285667,443867,158359,265798,108588,565252,942829,534519,883765,49526,757101,443148,265436,12845,657342,731267,537241,100551,67199,404401,809112,894252,669395,376465,677478,876155,513466,877310,412588,770436,74988,107304,827332,906565,500294,472521,889553,550710,842517,666202,259747,796923,584608,948214,79464,630778,827668,856136,220522,93365,516857,407604,462572,767278,104305,950750,793000,622546,426851,730792,624184,578466,236873,600004,550985,106525,496505,179455,168296,426118,398794,512321,125105,542669,299312,925047,241582,510687,218567,145320,798155,780572,92911,26546,636554,731416,820576,457333,444886,702446,463882,763149,80047,613588,483996,38619,965762,324951,772515,469943,523418,251634,789420,540679,847325,394748,675466,157242,403955,185391,694905,379779,891720,859719,310545,984234,70973,302137,677317,209816,590968,327320,131560,387204,309520,355665,490996,464228,38884,695608,324843,103745,386728,305339,162739,150229,226208,224951,967088,449774,138591,264362,56237,51811,312613,831145,743596,994742,838698,980200,750090,381036,857750,651576,180177,328800,237689,280869,754285,227484,218343,241572,140144,598685,240084,686339,899526,688896,916053,81945,163456,849300,733622,743949,671659,165895,853045,199121,961175,806626,509468,134903,172325,554575,479688,851819,979580,319616,828110,671122,668647,808636,599648,310693,554666,427017,926496,513479,535623,538965,608718,407946,680469,112230,817857,390275,462237,332254,214246,631873,292768,143459,822639,57644,780567,494731,37740,785591,634174,83383,916850,733228,890956,292590,329976,397226,811019,27841,685523,545883,562038,912186,525191,940653,182643,285527,5741,949919,147407,955006,267800,185833,75937,70593,664595,368033,52820,851073,641616,853696,371381,447475,122315,977995,37237,551810,852655,562500,424161,993791,638743,61896,934069,117023,563225,382824,327728,289087,660278,775250,977642,795207,19880,203627,783285,157189,173793,830391,306604,28843,749499,883470,193545,789801,270928,895511,483440,128297,155690,946669,597478,518890,886433,210111,39414,309384,18053,81310,454567,44389,411885,157108,327491,384618,613133,147477,339106,529171,262752,193008,753669,882358,743988,342576,67820,341061,10770,313597,248456,80704,346918,372637,797368,69045,140639,177338,596461,634789,28372,194601,873208,910732,927507,841880,416037,537731,684717,668712,970249,458811,944531,569300,560871,379951,272495,313147,522185,537336,688746,367747,346363,491234,544140,670580,551967,405606,937970,516234,388735,849302,927647,650084,489704,896619,524025,167506,875813,920762,96112,550956,931263,339231,800265,139068,877925,95616,118595,741978,99329,424806,529048,624026,56832,857467,857883,657319,779748,273632,403231,687507,289509,571810,814968,566889,449361,619540,643437,595615,935653,61614,597857,28818,511557,898867,712266,771509,465426,432536,840057,689926,276192,571473,151703,963163,615333,310331,79637,330305,794319,222765,924962,177494,477371,25789,669076,663927,505611,641455,160441,897081,920039,712352,188658,916451,757214,32214,482257,625892,623227,172840,996159,567513,282945,994405,319179,18686,951267,615581,808539,290705,650257,920192,748217,392597,344592,189783,872891,335675,479097,378662,488240,375926,1399,302782,352373,766315,665008,609502,217645,583767,785768,51427,923242,682214,409455,225038,403527,610820,690590,256186,851922,530057,857653,838980,620988,289351,418149,188360,510477,763761,482392,154867,625864,468511,231986,438633,677676,687016,479959,272160,512663,327359,970392,775739,973441,75360,868686,928244,500419,260820,10873,532388,722573,202502,767992,72550,242261,949261,17794,110360,200194,67418,6079,561375,51277,16536,245045,527676,421024,173918,170972,152711,707019,615658,351325,861301,552167,863741,395503,351308,689149,895795,314471,951588,352705,401324,148669,357618,852049,560047,982742,610381,797036,598981,816023,406531,389630,977553,307734,245640,163309,776923,794325,604025,204431,258809,805590,968402,878495,980460,352780,765689,307007,606890,914257,992201,581554,239052,345328,83195,591873,469848,488131,2989,449448,544820,524182,894732,549421,914015,520537,720481,400993,428636,63566,629785,275300,439614,490925,316256,930905,877700,949659,606699,728385,428631,338813,418253,955625,404070,78345,101486,979204,126636,98780,941597,871385,591294,197203,391717,904630,44374,74819,544336,423959,561862,862865,67806,379301,281581,53946,785638,470719,57291,754550,72647,993458,155280,994003,707004,285378,90747,200786,812702,166902,596496,496012,865367,572629,842669,308325,463971,321674,425575,58695,413737,960145,824576,686025,70841,803068,707456,77570,538596,541870,348855,561601,602714,606856,788496,263277,583529,180164,945165,397034,31055,182145,165672,377646,113795,405483,335571,227253,56195,835638,167715,384296,676311,662708,641447,86662,116924,536292,928454,216410,682,332131,974035,106755,260007,496060,666858,436446,895468,580500,225424,636067,882785,730035,560852,272139,487380,197056,405691,9266,946270,464207,274164,73675,17741,802631,77126,706655,224927,234676,80516,131804,473044,396275,222895,165076,859231,608131,58193,132914,630481,39555,231550,83520,816826,295943,937356,68348,59447,219046,216030,602252,28643,473429,119926,427893,401783,170506,421503,605765,15395,755639,725112,773231,212181,231345,640470,695382,645598,13024,496969,800747,291652,207570,615556,2230,947865,246528,693545,413759,59336,894427,859622,651800,628099,557838,637780,90700,847659,947915,929311,323287,553634,695127,999580,99212,580208,689500,259812,58691,51235,346056,993557,600261,525744,278088,988567,124135,220902,255484,393543,452062,476344,606732,956569,75823,605039,428787,989004,459851,838408,321109,476539,339250,384968,763649,523690,601969,498121,594254,454156,298229,103866,814743,765549,672087,301413,446061,811476,696051,622595,111559,362123,297361,664895,984321,54272,921055,627845,816294,478879,21113,285718,828363,777791,773099,218682,298493,668458,283254,306776,301546,962288,905941,324067,176137,663594,894921,42405,498887,550596,606680,64547,309974,561113,506853,742416,865371,840125,201048,689689,811047,519102,275498,972500,700014,906913,128197,970055,333066,974863,7249,404336,1872,501939,909310,744911,155576,206313,725595,290035,46984,319542,449976,684829,991487,839708,785213,396380,889751,45818,592384,564451,411115,345465,458800,371360,612033,805044,600197,655638,895428,153978,111330,188860,384598,942757,950086,550023,479858,228234,857548,635057,587583,818460,482278,391265,806822,224613,41138,557558,222479,572269,355982,523058,82955,61872,461457,471852,653710,177383,960130,773009,822925,486459,705145,12701,851282,790009,482467,525679,521478,34841,938700,760501,453363,543306,615140,672253,279472,255732,752474,579484,562455,82390,896131,722775,879205,736872,347965,655075,933885,560689,427408,765223,776408,324641,864042,655077,191517,801067,432760,539302,651325,121072,905373,141815,889823,215688,457281,347264,369513,821864,405589,471478,776387,954972,546835,794528,438262,557608,104406,423720,67067,406302,804736,6540,777673,700928,594237,942304,985324,561955,207230,846532,535136,153916,968539,405401,83361,314035,824995,154619,969994,432882,525851,55854,721145,324799,772704,182598,247708,114383,150921,99652,30717,8693,194582,726587,362909,567653,779900,837612,593713,287686,647590,830070,668296,978384,870311,80256,107138,472755,693316,579759,962290,83922,136668,94899,822861,926420,515116,755640,480930,868707,294845,92176,604654,734693,516843,821016,528866,559542,646134,235758,885144,268701,126756,764519,320421,433659,302455,500029,886363,345015,784761,494780,200752,957855,195151,495197,519391,260280,829471,388296,538149,969197,606018,750206,862802,505821,859383,190568,269907,825946,145055,48402,775334,540250,943689,287237,782652,177318,682811,721489,33014,985637,310879,18063,685219,533302,716237,144453,614135,883365,296656,210627,910256,651234,289265,182198,200297,400003,310810,554632,655239,907639,372565,394529,674387,544986,854370,86060,229366,939534,281765,438089,630563,93245,304089,720668,562787,203804,218089,651748,599193,255740,635158,645780,859690,243092,438478,423637,325787,356222,230852,689991,840821,706399,190818,874677,589092,945792,156936,788843,166898,760599,363433,167164,28040,858856,427708,835520,824507,137466,336558,417770,373329,280839,613035,322940,85372,163567,80017,597400,572,501807,952567,170003,417407,279642,635141,211705,779665,916280,159093,209328,523021,519263,732138,518879,247646,636206,73204,168554,14009,611984,716919,45582,709860,492410,687723,91336,479741,851938,566279,40232,168045,81023,850547,594827,99460,580170,272711,42679,490678,646874,524380,626208,951073,655835,930615,96812,562552,309921,728504,57016,751635,94778,909114,29873,775666,800069,995404,523795,197901,388951,962563,87001,438582,556095,808761,495068,205235,32812,589551,308813,708813,871704,58931,702928,241142,72142,786339,424548,643784,777331,107795,552887,611565,832117,594271,403502,355604,735720,276825,460784,521579,94045,258752,374570,759061,71922,949717,601818,149971,383795,751073,652182,127327,35509,731680,274181,499343,134140,455176,579967,190417,127188,879730,788435,564677,76192,249034,320469,249208,209853,968775,898858,543093,868974,345855,926463,269525,969576,30343,474666,271517,987851,914959,431128,434824,189093,44262,508447,319463,691636,922643,155554,509045,96907,84915,902657,599161,609280,711800,182730,430424,636693,847224,687678,914505,491959,648301,139652,558003,277052,581637,5492,567395,475189,549341,983300,586104,491519,945142,166820,500558,643659,691171,453264,5220,675324,650818,529250,637710,754015,861541,395839,171517,269404,922764,135643,166668,341018,199241,677510,947810,867840,288238,775661,228344,146505,415657,751067,732152,243009,688770,858553,285527,87861,363601,953087,669215,9240,582116,847043,392547,72279,122716,53138,31401,479271,157258,1519,5220,745602,575922,856917,392545,339705,30173,712494,544992,34751,812121,899901,41492,303589,345083,29399,552824,496313,510400,161396,835222,262817,95023,976386,130059,380483,50114,893738,545868,896369,887428,155057,874959,817124,184675,901515,164060,999800,155555,695404,458013,385715,260374,963734,761234,353282,380564,726647,695754,170650,946530,96812,319395,913993,212673,840955,342129,473288,858,547429,442617,20947,336651,384640,712939,940027,383440,379239,954710,938661,163846,603598,904541,858910,921236,921016,375480,282602,922502,744439,21549,124829,581527,816353,279575,711514,295437,980821,840900,201196,129716,684960,804758,963135,583131,631684,957754,792528,604471,325693,160665,102305,441259,245705,385786,829399,658511,235358,136150,114678,941645,696058,534376,842242,630984,889012,466745,215206,850219,226849,962758,938597,689608,100550,122548,769310,982931,539055,622279,647168,589208,557859,686766,633806,738833,980179,50360,124537,719715,435148,522733,130382,712721,156380,58693,489779,400819,619767,771761,766004,966178,686805,668092,500846,349477,766872,756475,695455,265631,585273,357699,825158,102551,813730,771391,778269,996009,898749,417224,939679,34514,264273,233678,216412,416436,548590,491919,577306,52369,777023,229400,903124,93594,604739,980383,506387,575109,39996,574603,235046,901281,672541,812414,556556,331954,248161,637362,822532,403818,908889,869734,311469,316105,51318,982298,355051,290308,46085,845721,663289,539928,693850,39633,59061,794532,96047,44552,474796,356697,80627,923366,58369,433043,7702,410269,385817,115493,607667,374674,124028,488628,665993,797753,735643,870045,232844,754850,840763,267461,432560,600103,933729,652758,393289,654956,115512,947562,51891,874423,979649,111268,137922,88312,816944,446505,993472,281256,239143,440560,807958,959011,38865,211763,821200,417041,413332,505426,265581,785567,804163,524978,203196,833644,762466,519733,499538,374902,235947,396066,700482,562288,64648,871859,748301,441335,216225,535258,228878,243584,854828,785678,447498,123265,577396,706908,52911,475368,464447,145332,951586,239169,884705,20320,710730,702553,128195,524257,492904,621017,879872,954633,633704,407012,308575,180436,912640,349132,873520,535597,413094,692452,427325,817615,624267,239722,428391,230458,424145,657568,625815,859731,233308,530862,317701,984674,122534,636859,5647,731395,956833,986998,656403,409224,742492,223100,234572,570540,933933,210370,560994,480437,503432,64633,993140,87042,821921,796723,282081,440144,29959,384159,602701,839337,687299,300795,50854,921039,619549,539916,276801,957170,837376,512132,93267,618616,467922,725220,393944,180206,457779,864842,609636,871944,573220,955923,68968,103058,111038,685224,12219,561547,222535,746278,951482,314929,697563,369959,12927,836558,365363,399496,920413,572340,811106,187023,197985,784606,782738,456127,794832,9913,176758,795431,380487,963407,200631,47001,208083,376572,150009,580191,825699,804263,930178,936735,451415,347293,777519,744899,36185,620312,903742,897459,394444,715572,467051,730552,663227,5846,172624,155924,723083,282618,242288,449487,836680,506851,57574,637026,391622,488649,50579,56293,972116,715967,261892,216522,193515,52679,775194,12142,613062,71922,354321,608397,890354,917386,1686,746716,838101,94978,312149,232541,628482,715145,595174,930970,352116,661888,491338,230371,941792,896416,356175,176362,708948,878951,514618,485106,368528,84629,73484,902598,205670,386313,345830,964851,212739,592590,586840,16900,21481,865703,783639,244219,379735,2407,715345,367977,402449,896243,864581,374885,98059,860386,289860,455742,684258,821839,374187,477203,290284,182421,374641,597556,463782,57731,309355,526795,862285,174543,299390,989686,170085,671477,335597,705037,434346,659013,432279,133170,65187,472898,55930,150712,372348,119769,10834,822061,502646,218568,111028,128717,405732,519722,103218,53666,401849,922286,178955,96284,561400,811635,531769,516131,147807,1843,83541,270532,272390,190649,387876,801307,951821,23454,288512,47563,379869,736838,236198,124717,42369,998556,837840,954495,715856,989710,621106,458054,725088,857036,488744,169776,479571,817540,432452,447086,281684,564505,872826,726048,600212,728509,28309,204821,180325,158923,311455,107714,695297,61139,369269,100088,523737,522713,565636,722900,91645,905824,880812,850905,87772,283928,261136,482722,190942,631517,226639,711000,81434,427736,148246,43311,565186,552589,401438,505824,241008,963668,628178,722526,19078,651705,532201,588784,142755,847119,352299,278612,493909,316008,713891,719216,335716,252771,711097,992736,760203,561064,561651,809219,950021,518986,811225,86978,163694,904480,848498,674704,965109,566371,26933,757971,479746,783392,749360,224573,192442,450484,948653,244918,699398,356635,126071,416180,416447,159713,219298,92546,277887,6970,343718,306872,741159,139514,198211,519960,791650,385257,650599,867147,889188,653463,621199,356824,478596,137297,661704,665751,263475,397710,687057,302668,901191,123824,627112,610807,583635,894225,98331,390947,353682,654827,830286,646307,2884,882180,572098,403057,101963,531937,506327,459996,1917,25839,3548,174882,384408,962223,305747,910765,445799,568282,813260,570759,72723,747819,889282,70065,30520,937022,815233,123733,384478,229848,258235,833583,398016,863442,930133,636108,951505,543597,967539,18284,146422,720619,891197,954083,68022,911479,8784,341267,435182,938490,915367,510597,804242,956682,509270,415604,800091,879115,500287,531868,848969,573543,936211,314566,350811,533635,155558,349951,954521,895483,885643,554186,1816,848764,347963,874358,466140,576194,15716,487449,686297,596127,631559,405833,836819,894408,940529,387681,309849,837927,363904,973457,793490,116030,233886,541408,971941,109350,795903,193699,934050,13000,901773,993051,664811,136886,679327,393042,138815,791579,11180,836554,944244,728633,550045,553330,3015,33195,418783,4907,906536,751930,115215,243582,469152,407547,484758,83992,636293,322750,366507,861707,281292,121953,540825,933527,881375,915137,363064,360532,634245,459397,115550,664193,458556,529278,81602,552728,501014,957095,477360,383851,536754,247459,178305,200945,927191,146485,187714,321437,813276,196996,549960,914113,849655,540567,471556,133262,109840,348317,782678,869525,930729,460898,462932,272053,174722,143058,542839,416553,126794,400439,619101,561651,890335,802614,644965,506555,186045,511825,695815,898671,726750,65861,239776,894891,217646,894954,368578,364216,953328,625888,966094,546387,40893,36870,448547,10492,521014,635336,721690,718436,317216,261697,346261,629331,558802,789115,843225,689365,587767,599815,27176,80624,99129,720884,413778,160605,533202,194214,39425,358844,656288,342815,228856,105044,584452,343062,631287,831523,346639,743842,861833,725696,910881,497206,133241,746950,60105,200730,480464,882502,94121,291549,424373,56687,734988,919576,181390,845587,571042,612087,992917,179973,920163,785351,972404,783818,841544,995655,486489,903401,872087,99641,623206,705800,915376,634200,622629,804459,35255,269072,245223,158635,799721,612565,540270,962867,229516,383667,544013,105062,633997,704685,485569,806298,332752,732873,65167,47717,780494,653259,138739,775837,67672,770054,928366,315644,528165,106059,961903,30986,338381,969944,60820,772345,326495,660393,583970,27254,582985,222995,833423,216172,337031,507562,624267,946678,44338,674976,316252,424154,331480,151688,182304,4833,479920,454817,585352,193833,767531,535247,904427,591707,246749,117173,421828,616389,134551,244608,884749,495025,687816,963982,936362,631214,288789,350481,936744,859624,642495,642000,393303,89630,406997,417412,293796,304225,593349,354173,363557,637510,516301,617996,831090,886816,37779,60526,183494,11342,584799,29563,284195,510177,325882,754256,941168,897890,68398,921494,334629,943609,464565,53680,96395,797712,881492,157058,118831,719080,152571,151650,330835,719258,356025,386487,175660,144709,960798,886124,887655,663525,272039,511429,495724,751022,473795,810732,310960,766029,503801,330136,480187,727523,748310,635603,347786,985793,896423,730369,305671,538456,801609,190533,574901,471766,517772,396669,508036,804375,707487,894066,145238,365363,152628,634446,256353,509900,94686,862851,474683,859004,481200,206748,818951,374153,942445,941326,945173,745379,225388,530792,213699,272322,885300,626844,742788,731024,181623,393369,149992,687688,21196,628694,746959,51989,483537,890825,868002,466498,144024,434450,624475,574774,159971,338757,681459,560019,204061,751034,850806,532589,253029,63285,851123,533159,643770,961553,506241,769322,403192,219714,30491,665678,298287,150827,796551,263398,449790,677614,155939,753584,397458,163440,86089,801902,378259,404804,319365,585349,782383,89086,771181,385607,887521,4183,970389,867196,191731,374827,575067,947772,600673,888012,652429,40993,680961,766727,550089,14034,986927,591247,877669,108315,153341,693720,191912,35957,681690,925096,659718,674885,621578,285794,964462,62509,431104,260168,460446,899209,158116,809072,427365,823206,419791,975909,793141,934903,299113,662538,292984,388182,698427,615975,112913,701197,241189,91050,432694,833116,266668,939818,657046,408326,270439,592687,445833,211732,631613,460866,542718,802176,580225,91431,191336,309078,210375,295401,471650,569915,313949,635289,55461,88519,158198,2091,691533,935868,89061,553462,283818,886528,412833,182448,867573,89365,848431,382399,351270,579071,837451,261925,869446,33975,562971,350776,702058,110644,747232,777328,559852,413427,82317,317761,71676,195172,290045,558371,966687,925617,853892,502400,906542,452131,723142,841493,43634,345188,650728,796475,157991,41086,412070,794670,699026,357304,677012,885046,165949,526652,521525,922827,120262,867828,11894,860205,499914,358739,108522,751943,915541,21982,543237,573344,992244,907948,861439,862640,406581,408721,822109,15637,438716,517019,505871,855262,689222,129238,447191,100570,430549,725305,3258,744540,493804,732319,343173,314619,496725,612827,369270,821246,223536,408970,989995,237517,413475,218147,802267,948199,163396,680086,26604,330192,642148,655009,163357,230567,533249,962918,332053,976597,678085,932818,304434,656381,688461,228710,756266,92892,487438,696546,659662,416348,308118,825716,933646,175778,877912,427563,692852,75770,595943,693363,853754,572994,244691,730334,390110,666614,703661,942256,718032,942622,605060,225251,596270,228737,426785,611118,645251,975535,287950,695367,362222,864499,435380,207628,499365,459743,332537,736335,152448,756312,485997,820109,410097,827029,830816,72644,563788,307502,681096,154477,205050,516369,585194,873622,884107,815417,604265,549119,756954,790632,807142,560654,266932,69257,606781,879826,989846,461260,343194,572910,216006,830037,516140,993067,135134,195933,935706,255090,746551,807122,498595,158094,649154,942036,694736,433833,827558,753484,859013,758134,20330,77795,665049,760393,132779,981765,618467,247616,396416,320251,699493,405452,881446,528089,650104,58808,876055,670365,125974,670049,98498,319057,509745,353534,547349,126808,225141,919386,510328,37462,526077,367942,585891,868498,201912,739999,36804,802474,460668,487098,244074,443630,725214,390743,710642,212223,290766,727871,822786,37601,638,235269,858128,949724,398459,274616,921599,741351,936766,911024,523445,16144,574734,798892,633513,2398,198782,713737,231206,550905,426971,786024,798994,664337,323877,180851,990357,560441,262757,837398,121643,531634,110353,279856,497883,766754,630615,605543,780294,430885,857987,127615,4440,922509,107388,198071,794533,751668,892369,722863,352824,802876,158350,717155,329671,853021,848696,937657,246312,629952,606778,484099,158339,882821,170540,187264,281332,391195,299950,951379,510356,914732,55277,880679,329995,988292,512377,133009,535627,515314,578669,799418,488390,723925,206872,241223,81609,630316,333413,346186,456813,996231,780676,641814,760399,144063,535998,690355,126047,479105,693568,448066,193886,998900,836110,652728,489972,579513,398817,64171,616390,642240,188166,312315,541911,523427,208156,475443,983816,945036,767720,495003,933029,960297,180978,875170,684681,437062,992667,311195,448065,569985,151816,683549,528333,743654,206744,647796,545469,303686,54282,157416,555892,780953,636640,695910,108555,19283,422758,988673,133252,491602,89694,245516,338913,243490,757093,106938,339780,761403,591824,338650,643242,914489,638403,562923,210101,742533,980639,444059,768033,875994,180839,128520,680716,735739,949636,989894,59456,332499,56535,958836,574273,837281,986477,269346,573033,401727,67901,87912,347223,64954,724850,532505,216028,259514,710680,298908,377804,372334,976257,438537,988769,875130,357396,253632,7936,525404,469873,701000,572451,649654,269156,449002,796945,290187,596812,403753,197289,660629,160335,346878,863044,793205,21835,540602,62687,22063,195624,350554,986638,365723,318806,522184,485421,647459,385108,513152,481073,168912,855681,98975,95165,938618,524049,583584,409128,155602,809772,697926,648336,146306,706886,949131,26625,525257,452777,658681,152481,680323,364375,852952,117032,313481,472570,668568,353399,915103,710365,114140,358183,400403,142320,123225,810357,278596,712886,587277,760876,518360,118308,688377,983994,98486,610531,174647,789117,196388,379207,897563,448484,857768,605479,594199,948855,367507,470316,595387,926661,164229,464008,213786,422052,931905,346412,218850,498200,665656,435935,261313,700177,613844,449026,830913,629382,290276,284161,282181,289737,831129,400467,134856,431047,390560,925605,297938,817412,94765,260786,530082,369670,128613,702712,468563,998040,112454,105041,129765,838852,645691,467748,303899,455039,579619,684060,242157,393405,501999,232159,624300,571478,339214,848282,691505,768230,357668,923160,723553,140707,362418,415037,920821,612803,393630,713342,67877,287869,465029,474237,252964,189676,937811,485319,908487,538810,25989,752906,883281,794875,853974,189376,31861,815800,865287,847270,23083,219194,796588,812354,376663,926336,586067,826356,677884,971085,950880,486712,802831,278784,564388,584679,236918,238992,947540,986786,467794,902017,487420,664549,27560,848190,415569,65573,591959,299226,568637,588488,566905,850411,185157,822638,239487,129607,593114,635881,252259,865952,612092,750095,498411,313240,967370,394712,795874,593738,133910,653227,335121,744079,156601,570848,306535,826640,576875,686352,898917,494858,565036,864287,453888,109920,903632,426399,599315,155646,438281,768347,308339,781963,129874,823506,66709,702586,423443,688049,880475,299866,315807,943125,741718,860622,377497,379809,86298,255373,651141,363269,573122,149805,384879,107386,372026,795214,741748,741001,698542,239502,226364,973499,770222,430195,400292,346228,370330,683133,124712,693243,909073,662276,594901,410629,484288,148786,782387,412999,404653,792217,731431,723828,336894,573095,417354,463574,269837,93415,891815,802167,139246,703049,153405,300031,842136,75301,56667,686032,998373,207064,113086,139753,262235,223154,830694,675552,218090,997868,397519,799413,137250,620897,927589,327189,713624,996226,983887,743558,209096,565563,433855,939930,43993,371515,440016,723637,992062,152560,403763,387010,805024,327419,628305,488758,632666,497929,780095,236780,859628,534873,274776,800049,329699,80677,328676,824209,533828,947146,670858,897013,477776,255336,355919,879772,249361,440719,901014,558645,244609,860522,572567,746555,41573,935482,981436,448137,539474,260236,668007,742388,40669,478515,771315,94907,902799,515207,881446,251650,929967,144600,249982,244432,350875,530797,255851,185191,532366,222416,322009,429761,314766,449986,711472,828232,513669,496047,264018,345866,853848,739254,969156,759425,14410,973488,684264,205259,612028,149886,297806,693224,616938,713603,788169,356461,258867,83405,434159,451948,873370,514410,242326,119142,79350,109861,959317,199106,819930,880406,379371,44368,962562,992161,638569,816683,321638,529662,160253,827003,805877,375326,337194,557248,47822,290107,461800,27974,695211,911447,195793,217804,290578,698407,384242,216419,670692,889655,914869,945855,693170,223654,109176,491250,352824,983946,150689,95270,833412,942207,770921,447843,998974,226472,341199,215359,759285,242378,347250,659194,900030,438101,519360,353826,518205,15692,755292,382860,747183,203367,318948,833815,668365,687960,961351,437206,87983,409942,941837,106011,665611,845938,761467,673752,191229,694877,585880,190841,210024,996023,944719,189126,379842,985026,577359,360947,313560,42559,744200,395742,813623,52270,521472,970698,777054,315054,84439,506933,25178,237616,134672,717279,798602,561498,756916,311138,126158,176151,211757,37539,530212,16520,372756,393739,98890,903476,171415,546176,307631,586158,195560,497023,500049,310144,916984,793700,454211,342077,769067,472885,388822,203403,850158,238840,670605,788263,122079,44610,835035,493411,677140,142581,942169,539529,597392,973132,951618,911665,813017,890253,37545,940370,69335,32059,340280,688604,124812,230678,943967,724758,177106,502944,793193,27144,434023,455227,775602,384448,572333,199031,128174,89450,785081,670222,478139,796728,887450,340209,466947,205179,148849,353485,734827,666903,527597,208415,385906,109489,947054,273414,170133,497118,170005,487828,220359,838042,720494,318966,85192,175195,111038,263706,202422,887194,593,342144,257594,589418,130588,645759,697599,117952,590990,543952,828205,153543,23115,463216,183062,527800,658194,832039,201695,481909,712361,157672,681779,484982,393784,543881,675329,120404,440600,236241,947537,552299,231883,215837,86139,192126,789147,820875,566117,838273,692191,980845,676569,894826,411086,538230,304150,753090,16056,135263,505655,679276,264510,632945,953406,253477,297968,563068,23114,279645,677632,712918,138358,133815,272131,515837,66971,900558,10509,982145,12975,691166,571815,554589,316489,284289,470153,278781,817489,756518,999286,357950,176371,925290,236820,39984,777673,218898,559955,620963,173574,943914,792259,971900,644656,425498,637455,582324,405683,85722,29433,283117,768411,204503,724726,77017,326363,873280,858640,604092,68075,867261,417737,157943,434689,380645,749644,821250,335907,967748,906089,322829,608730,230333,474741,314180,809260,518237,394456,411506,829442,373056,671307,230445,875019,929632,439890,492692,759772,617311,465989,986513,386463,350709,168215,774492,854470,625825,291229,130386,505727,548604,822110,943710,728628,969408,927529,955383,774858,430427,893137,363605,411137,35104,415039,440334,752678,410025,479601,381978,322642,702122,340777,802295,934108,68234,927080,988809,136310,816439,278441,335821,516114,421562,725646,864729,803582,288359,104157,95792,145400,376514,989041,829677,626446,28027,221835,984652,321967,593726,660704,496143,19732,479699,680217,524033,259926,917836,451782,897064,702640,225496,150386,5198,133412,544180,876070,334373,634426,760481,334937,281706,21378,469331,711505,907619,136083,200137,872902,821490,703378,750480,21130,805133,405295,1208,450590,436640,46273,779303,427768,343809,400,456126,402920,206333,88492,140602,220186,878759,234778,436167,667519,375744,788701,142077,379926,898229,577577,83676,837431,207648,10904,578724,621244,849122,323394,588951,778924,80607,183510,75137,547398,642995,13899,649114,317863,478771,616679,56167,154833,588089,434241,138528,944295,92004,226135,170701,531854,295729,525824,238610,973098,30416,894817,869795,145351,621531,150245,260121,725906,637182,947684,231866,297687,436420,476736,60371,202410,403980,895524,337214,581890,585123,817099,980476,258980,264118,385518,490945,159496,891189,580477,248761,127781,897809,254772,323792,139091,491911,106259,281174,824826,405697,909474,490355,363235,338344,225623,597722,99102,188717,83034,775526,93994,403779,57720,875839,853331,954524,344402,281590,621552,10684,38692,330315,567856,561296,419508,83026,433210,388453,537889,837309,11028,114562,380792,575319,163732,67386,934287,3336,90763,812940,96008,154806,599171,759954,263663,311005,41088,784447,916351,756277,370991,602215,537807,225216,438947,989592,252876,128844,940876,846831,693065,400306,423717,137157,114625,341326,970519,581066,842569,246680,800282,137947,600427,514313,511452,192870,24799,537355,994937,437012,692131,896164,667770,989700,574283,755323,274038,881315,328672,572233,410714,586989,990875,367411,300980,333538,440435,381879,936244,907609,992196,521151,845927,693249,235064,967975,823417,243273,76494,138009,434406,563828,767422,151902,154574,127379,372534,18551,391689,244764,112889,762574,109373,520564,186621,463848,911985,242064,556369,422917,859941,890840,60393,381621,716491,15679,900817,276675,275852,274953,621019,742588,905048,130987,107119,13837,721080,273149,625359,329621,109173,245555,737851,793091,339802,791169,244010,63716,726765,845527,702586,148870,575437,23279,70638,278052,959014,240553,293055,752832,161917,75269,267201,548274,564549,986500,64943,529131,578387,665871,982548,102141,997454,128842,660931,888093,242272,131393,195912,390655,836527,77986,673739,940646,160735,149844,309557,825877,245779,970516,197448,324841,609855,270802,350443,383947,698354,230516,650649,742139,767879,560028,540347,928376,119448,165374,463584,693103,886553,945866,934759,235444,636776,713712,105296,445840,440792,230878,497982,443945,368209,300994,358748,47564,112149,186686,567219,444931,486014,440254,425117,735832,515711,411963,771787,950135,33865,740751,828551,159286,404785,718306,284531,726256,18512,621811,53509,475626,586002,132728,181003,734313,83353,990769,223309,324828,872168,72184,58190,946974,710560,603241,418760,310349,724647,415576,761454,269847,512592,494078,862099,121784,719336,991328,31615,656338,808526,611469,568380,344407,934276,533593,134010,862855,260133,643540,97774,887548,931091,670963,986420,800839,637410,845118,537941,129299,383773,309022,890079,784123,745527,386540,989391,313522,902598,999919,64738,169496,748546,864831,353304,715936,244033,922003,573457,843972,423265,427677,133464,787691,992585,655890,353092,117865,685589,969689,482398,405541,726277,603920,364197,879861,32980,552119,745115,155963,65233,143563,592294,266869,475597,355731,821650,241242,889130,489968,806071,906772,859990,822233,593499,487654,540135,395311,977443,880894,56598,836069,965088,804432,907590,604737,855491,726871,937577,985285,401336,709195,120145,49744,751553,582646,911412,540309,666317,426346,634243,454395,657000,875220,345879,860425,838125,152477,271036,357479,550498,962249,558793,435519,493954,361439,238802,770846,980705,449855,232265,160995,929915,868778,8870,368403,707660,724675,755971,18881,426741,197198,462876,686575,32446,353391,654291,296966,862028,879775,214569,344001,393378,140686,538158,163173,208262,380194,411025,110425,249794,496335,217284,700241,4493,951354,745903,818393,640890,998189,143183,485989,628144,893146,401058,373131,210669,346754,210934,701391,932147,383451,184479,748897,193799,85428,71362,701813,915020,166681,746154,99214,79170,872714,621291,921645,217064,147782,270082,291611,475615,555825,958368,513254,346404,616230,980083,776810,845547,928748,614753,795236,162903,54814,671482,2082,886425,934690,266155,690492,249652,916718,432573,816325,742914,528883,904295,475324,504732,389698,55740,771043,585498,602025,281402,887550,308858,363519,19549,606712,357004,522143,805265,536506,66619,681848,737562,415047,781168,595469,88407,300573,812088,313342,815844,251944,956332,379927,414038,13196,466611,603176,87181,368993,694818,451767,431428,312294,205773,633897,858480,868432,463774,921895,422423,43953,791095,816174,147616,759589,968787,444399,223530,681951,919986,608725,587358,103094,475229,223438,397447,539924,525393,627765,454020,616088,653747,119147,237856,633235,480350,924559,991675,603959,105816,77955,372588,515817,924547,733002,886970,536448,434757,118908,258430,32891,460582,863135,198062,815709,332553,452399,904007,879538,827010,643932,176314,209161,207483,985478,309513,109668,539015,479752,985655,717823,586486,866379,409158,564949,740549,176166,122237,837007,640153,451825,318263,291172,651870,557522,702166,112535,814212,624812,668507,953556,232112,271808,205128,164523,433790,299850,485030,79086,129656,358908,171283,69700,759275,765324,135489,886461,888720,73745,267598,13924,707029,623831,393057,287851,690368,203031,326018,284868,713291,104928,946711,357331,253679,491814,692059,705281,967967,661159,545300,484480,707111,723493,366845,637392,341930,637981,576316,399791,878449,459048,955137,215170,817939,606777,683584,598018,631037,920171,967249,939747,282460,918100,207061,30343,995644,190362,438731,781243,160084,510510,59201,51828,42435,285844,574359,71836,947904,511134,747314,18724,601752,541246,964443,858668,595505,352746,917683,402206,316257,51768,367388,449396,651184,587868,917576,102590,104281,456544,472455,493139,578782,492736,30126,98591,513420,237263,445789,79288,133447,501046,932418,244027,902911,979446,954252,9521,898381,362199,3168,174186,7545,900396,637108,18717,278474,235551,897914,487644,747799,939952,94736,635810,2634,608271,471436,692822,177462,299084,55506,667892,278516,621425,655398,77635,678774,795164,9715,308803,658084,98760,630269,748353,369499,342042,524915,729974,249929,20463,914290,638682,865745,960078,803637,324181,577409,355537,498006,715576,699192,42065,931598,696097,137109,611745,133615,551712,686386,994531,575347,30080,69644,567379,284872,341581,280942,945609,106334,713462,628123,455386,325333,712451,462683,574673,242703,967785,678245,200164,459796,290521,256963,408055,555685,456217,36887,810563,752374,910002,222370,372430,189300,514741,258115,500935,667790,944295,462767,491172,144122,737386,625263,661684,956946,644287,161682,590051,775721,310134,612567,222433,524860,458536,961489,70503,253848,505898,907738,926386,781000,110367,688162,71305,419678,821159,447655,373961,722649,901668,366951,139120,954809,374942,972155,802815,940939,633803,318323,624039,35220,988726,553257,614980,916515,200235,263075,592437,57927,279457,178266,74756,307858,865171,344772,982983,653537,319885,484024,294268,920201,4369,77276,972547,871603,12022,495746,572070,512998,598705,576633,685242,826830,963105,932192,594939,170173,633591,757138,271771,739719,266349,329246,622175,455160,796663,114209,917724,826968,676390,417310,242737,166624,245816,767637,716108,213907,801134,315471,573776,476104,213838,922920,652503,119619,977686,130013,668629,585258,706080,171088,592552,910025,822696,507148,244541,167711,310779,172301,311030,204002,621049,819386,924482,777810,213885,309887,143551,371103,513114,552556,33356,535839,998979,738306,630717,93949,164338,473762,117617,77488,182745,41343,609136,891831,825564,604626,257868,157966,454469,659335,689954,774127,912408,413272,378651,569915,546718,303871,531241,668333,739596,84547,172668,940760,404742,104940,621150,568143,55916,98861,230324,761944,280215,308420,384742,176219,230330,659036,874157,972904,314575,940712,372061,604454,74800,988193,588967,393991,589648,135743,814909,477207,373297,38721,910434,695126,501951,232255,665380,247489,579976,117306,330036,238066,904644,874021,651516,436052,764761,22021,862902,744964,1107,553477,156349,499261,458208,48001,38201,821351,316280,778549,984780,83464,318591,377095,831690,765682,614268,873204,908451,224766,214746,936145,197176,138815,794667,491381,375832,881565,969942,838771,329414,93705,850854,306261,909242,322180,479810,996033,209668,600621,624154,157276,352083,266154,375033,932071,166525,793537,605701,744588,110346,667197,12126,395162,456214,152712,390746,811635,147756,897732,606929,353547,51779,152674,948423,718417,471618,50454,920985,117026,993785,675093,117224,16460,672346,59743,749234,816103,748447,780074,126007,328947,364390,688645,896841,703869,905663,253686,963649,996854,531196,569054,677516,99387,417371,470488,715435,985877,670058,342254,583733,931477,362808,559723,355247,755167,773793,592928,772406,983102,800764,384184,799504,611494,468002,977277,329573,484935,412662,750960,709228,227006,171984,593337,894255,796462,18919,937711,666324,40978,521590,97257,332449,910178,309420,92077,931861,965476,255125,888096,384563,389122,723570,162199,825320,896558,958635,268061,556324,651053,406139,644196,843172,74690,389029,128321,629637,514446,171705,922230,442037,994508,237712,505878,671622,109824,372602,878579,362558,675067,666407,667397,540476,689470,881226,959102,551006,139137,912842,427191,787724,87777,849319,360818,68294,401104,107423,226959,955454,347068,669435,249065,237494,577833,746385,526189,387137,755627,446736,310393,843343,728954,873702,843718,438244,925886,254659,91732,917056,786166,648316,489611,624142,901405,454761,430004,602734,135388,436384,367608,404679,690839,502096,405017,88347,141529,715975,758985,476790,531975,610834,473093,154893,705359,573757,6289,144550,332363,185509,761569,343148,590237,49333,259030,401031,388428,365928,100726,53478,652908,918990,308074,625289,10603,157438,767161,333552,461753,456844,578036,994215,60284,50768,94407,286704,155999,355846,428798,408107,703274,709147,718410,724703,341214,377095,533230,59227,63617,758979,75898,163881,163830,954880,236816,487021,795953,358126,579326,542232,516132,655251,372282,513169,831584,596476,948697,868949,44980,289785,518918,423785,356595,694430,249414,39978,924045,681826,74386,409163,960461,976518,261598,186860,696508,860476,79508,15372,643886,981105,548677,358567,727927,278045,785582,945421,277335,887517,479270,326626,893258,93815,826914,803829,298038,102390,57213,419642,952335,529454,390491,271019,550630,60266,289894,864909,435943,672606,600524,214601,532095,29744,787147,984869,320572,812948,849849,709011,177289,498306,691956,379971,69198,685140,305828,920010,203655,325047,535358,398151,132819,861319,853159,372842,654112,285535,276881,401013,594103,870323,774766,171210,944367,995531,710716,187615,463051,414167,184158,577979,647443,410929,733802,126890,701887,984256,706793,712214,378552,85819,454201,218423,991400,78410,7737,599733,700882,797717,537073,704726,634368,761593,251024,937906,333605,564880,726011,495742,12407,9613,168754,767737,191782,628732,229764,78988,727433,61693,632356,717092,503196,53626,160613,264741,169855,956860,26661,211895,62178,725659,771646,71645,603017,330668,785125,110338,895066,210460,136496,508943,962856,121373,386788,987162,963368,836487,48476,4209,39052,921482,455848,785751,819078,221151,728854,500979,70929,802364,23601,817632,848082,478623,928786,917313,477396,337707,822273,715609,725532,507052,656170,693072,676301,874798,611692,557692,499764,364152,180794,765300,88107,642658,967542,826755,88432,589495,602931,811670,358474,951558,175277,640655,965906,343613,559976,737485,29460,744981,884010,693005,776596,378844,832156,194192,767147,971245,432759,676844,305602,674478,174528,338151,597424,667204,684958,810346,637399,316778,654350,319096,205988,969584,217371,757503,51552,346992,161773,999759,678229,297243,505270,542253,759734,430287,478812,466346,107187,401830,871615,804824,598891,256462,316521,570189,762447,306430,646654,706784,198943,191388,157670,412862,808073,381700,847228,173209,563502,658301,468382,375741,118149,982674,790979,761916,343525,705567,576892,540418,997977,527027,107964,786111,51086,766360,133787,143285,662014,375855,596985,339298,226913,297218,557356,89906,427874,383634,999315,357611,33831,639198,611957,606075,63087,858680,515340,530684,830919,591201,184673,135303,810307,965050,423250,938803,12886,82771,541114,383102,552415,850607,867910,461959,256609,733591,876171,280189,94331,86117,975172,683513,33764,183849,629013,862706,243695,761709,135263,105072,209832,465522,286808,366180,949218,9912,4850,178271,830963,478491,958336,641090,51725,329442,947251,452945,264303,805409,864848,470687,855183,10541,401007,471703,956699,647786,906438,539205,956045,121165,783045,796397,533631,962361,846760,904499,731453,599230,609764,755780,442076,812426,597997,673347,961794,694584,421173,389891,353660,982438,242275,689253,613872,939634,395285,830154,691396,520514,181393,854014,94623,426224,152047,774790,65191,627625,909444,925168,59281,490500,861497,937780,185002,678134,88628,772799,929252,784718,337090,767068,542958,414106,678881,11736,944192,80127,925886,858417,85435,818167,455636,979633,901810,434811,131594,956534,593214,791492,534638,675528,592660,562844,130047,392211,567756,830166,129751,814336,721722,899409,169623,84260,179934,121546,929867,403398,892593,951899,850095,637793,584414,751381,746020,712440,808812,663987,189585,566497,958384,160049,943346,999965,231787,326249,219228,843690,852388,797513,166526,773981,778719,188552,545643,554571,969768,379470,898670,245538,901919,77805,224417,239956,123144,963243,746527,414113,856804,733587,931121,593943,793644,279550,987800,89994,546781,842133,75123,182095,514154,875883,493944,968784,745567,144128,925467,231389,534293,595233,456243,498074,263786,643749,635226,325933,277581,559432,951499,328750,664366,916875,308213,547614,232582,466268,990262,401615,217555,795205,185125,869462,54181,920771,608533,469567,375962,357932,158984,243573,495831,545045,70533,121592,738108,85091,137134,568088,178102,179855,949258,43893,594759,695410,120425,918149,78303,556645,823155,324751,913657,440077,865049,496689,573041,742794,660346,818956,949698,47558,948628,973395,390479,585859,988911,743032,526271,561236,754542,45674,850569,983362,978886,241715,403205,85809,112676,930222,856598,939900,389816,355754,730088,61874,752114,367037,850495,469911,123758,776487,35525,154133,725556,291264,269680,302426,158625,769087,402059,828749,86470,796503,929522,68973,899648,29401,433150,625272,487459,718581,762432,390073,406930,673805,983018,207004,787249,887802,988840,607643,233521,160808,608126,367252,627530,568168,888841,732548,861061,415149,109552,423432,657627,739539,805183,553513,29987,957779,953646,669611,206750,893887,125847,553874,971319,341410,239136,460063,550995,667997,367200,165487,933585,323240,905192,646022,194316,886683,655290,629076,352324,128595,584183,322998,534585,790183,883708,601429,103814,846182,299878,376908,288157,629439,97094,313652,618448,480151,641071,310929,912837,684796,722655,49638,827317,309495,69820,776602,362513,130741,347433,530384,419508,281607,574200,253892,768004,867609,942752,163909,195876,112107,874080,355036,55425,780074,790926,305503,802262,845952,100118,289798,32402,637755,718750,683221,407278,603210,105318,250767,117752,98409,549128,456859,13659,223307,228885,603260,148499,930897,612055,800501,495069,289564,817601,2277,765152,862053,185601,788640,842705,569441,335246,354150,799784,669951,822423,55726,419235,609085,96899,464343,795144,777657,479933,890826,986369,551329,519952,329876,514080,324185,566815,290483,229602,157625,56755,122896,988243,81566,208053,444565,808801,755045,617817,400724,485144,757380,170346,178554,686759,739755,691380,382182,68438,544293,460762,73688,518216,210502,48889,525056,81418,546010,131913,419489,256232,647432,990421,412623,142710,219747,460982,347194,860389,761923,633330,719113,594459,769065,363731,926923,969812,272029,450442,135697,889165,517206,987929,816914,17284,407498,260470,624712,113199,832041,854166,238747,119512,575342,326294,248914,704469,988338,188221,668977,854590,674716,834294,429328,113916,754196,598446,101806,96724,63803,687050,921926,380572,296337,393000,806929,177207,167479,974004,619455,747698,888172,969373,699631,232960,603948,413457,488393,252769,707351,287287,540421,603863,410980,334294,943563,175102,786674,360609,685725,870301,274672,609558,214752,77415,179923,950723,445010,369363,316372,53937,915656,470142,408804,914586,734638,984857,55904,387125,446627,662878,174842,904609,71030,735175,370551,848554,237772,472473,995547,950397,71028,799877,818911,585715,725591,164828,71479,90562,350095,577727,994871,729969,453265,151175,324458,821154,295081,964986,972699,886654,510519,788265,231464,660396,182641,445549,815447,98758,981843,885114,89204,813461,211157,766350,260932,926796,318076,369427,899345,54992,165657,650462,622196,223630,134128,658518,50627,235498,475100,759760,220745,352384,12396,488233,242665,338355,983303,941106,210934,190335,66719,769601,151035,376365,328862,794366,85681,952456,930212,836289,613874,996648,598981,856216,545002,421992,147539,411402,749844,147303,922185,675171,603128,274652,946039,660977,515932,485094,347243,506921,184686,231358,746426,73367,900526,863613,989673,979080,863480,933862,484361,992228,47132,632794,241235,620287,978705,121566,460901,276899,664944,345263,687870,378028,218717,674186,48970,475839,883220,156369,794235,375053,468269,820878,832906,553126,289569,995605,71938,941886,603491,621434,802665,6255,344462,836939,116969,819369,929110,732531,725557,402647,335047,797228,172561,543136,277830,374322,346663,733161,755455,400315,903660,488479,663143,880334,527189,127886,578479,49420,448538,304046,153131,910014,841585,131576,727834,749844,83873,315591,812704,436521,181746,228641,648058,610223,808140,183613,184824,121704,172489,418109,257578,491767,183553,231058,233864,778346,193518,571179,557791,664317,868151,205444,791606,34994,772914,938568,998227,462250,483467,977800,699011,645653,288715,727871,115121,695935,290835,187084,850344,661819,926084,196721,690814,874548,781264,853204,600966,134123,665159,729947,888662,519206,833838,208583,988701,764573,414044,580415,813658,521629,257154,81523,868202,555563,398195,797546,631781,473004,673753,459713,565457,997253,713651,228989,496487,662301,279422,694083,477354,422648,285145,528406,238271,60795,473808,398561,533599,817300,645464,308151,451212,322255,632584,85628,366825,838268,49002,550874,852590,453452,224733,604541,643613,323320,886874,468556,575740,738219,611921,247765,596446,641758,704147,307845,589838,656200,364606,308948,41237,202046,63623,926280,835591,662815,279959,14137,663968,606486,500444,909489,805527,71054,917394,96932,170320,919912,616693,450479,140295,644480,798318,991766,429932,833165,644741,969212,894145,423113,680615,570745,637642,291798,420901,108377,677363,448435,802353,131890,123875,748339,60227,860713,527005,534988,864359,525544,655790,14918,402339,636511,64468,181342,267041,148680,318681,640631,703780,160918,118567,202359,421675,458341,558510,449965,400410,398106,960295,943138,459913,984846,878901,36686,598035,69124,16768,795301,862172,582356,893157,828840,918149,888079,737669,894755,744733,46793,535023,658245,801732,762004,942555,219632,300960,123687,386829,510205,852797,629377,769041,794042,640354,270239,380153,301515,695953,52538,999340,571483,849846,961599,959650,169022,797729,24620,446492,238224,644862,446185,730851,811897,913212,23505,31379,175492,807667,348435,802251,728544,838525,744246,243399,499500,816913,61933,834842,602080,286704,390931,470024,784308,442885,376645,543580,594618,211617,651707,625726,523754,987128,269860,478748,160717,862507,751542,425386,743233,755406,640104,469119,454052,545089,448820,330239,841394,459655,818880,22131,59034,701171,546380,435303,240678,841688,867172,185518,267352,319367,152568,136731,804853,218960,582064,200104,721527,338919,965996,538102,364081,508846,510248,605181,914830,657240,637157,187846,344426,75752,945758,571884,570006,368757,111207,797300,667623,902540,973296,472836,672130,694175,379946,673524,920886,232799,916733,735186,209172,848013,73383,427232,587177,956855,627929,141739,750473,994050,465136,216162,977393,52674,820796,401596,77686,980716,692501,651401,864626,210612,118703,452569,890996,348677,66376,64211,348958,982887,734342,413276,664641,992015,991391,993540,228159,442217,877546,585423,52447,479760,392876,264314,216516,638622,736828,815233,376027,453269,928825,531939,299684,159966,195675,837714,744418,374943,296602,689063,207348,887435,130044,322335,899059,795518,585785,891197,243465,132566,587485,612051,515494,504967,157295,452939,436941,527307,465462,656260,337667,409965,522495,89672,670071,976786,420426,245178,623147,684377,657079,460026,251287,636690,190374,600848,271695,103942,279068,19984,354940,933066,139829,992943,403598,499596,238628,981124,708655,575940,778736,412942,279194,863729,721533,839597,112272,40499,796374,7219,934126,107385,194485,469305,95083,236950,234070,727853,626562,651545,542715,324747,528668,788141,647030,798767,645925,351500,425059,769493,700283,941729,487123,141484,750752,102048,170500,505920,372800,684606,117894,677922,513151,693964,547048,628285,803309,572852,64544,417321,481620,338063,424359,799234,30849,734130,413116,786860,630643,88009,958515,613846,743946,946550,99800,487069,192489,245649,545577,10445,165950,241429,966284,554842,971235,156009,39874,768361,785448,168643,835484,954430,505534,508884,421693,172245,540387,824531,66855,898835,309214,665162,423690,905343,380248,349642,584865,51198,746496,953263,670292,306763,480535,234579,409188,460560,983379,423390,582517,284121,217821,744746,213620,127783,230021,387616,572587,892614,912652,230852,787684,46838,617328,958328,468731,400193,443226,503748,804646,266691,924142,734826,561653,169798,238671,249710,582189,138311,357545,48974,46547,651479,199232,94937,29417,144076,774027,386695,749549,615036,924603,662744,391543,400149,932682,5534,403731,211033,691611,254472,86873,694827,17727,118927,978468,810166,882686,179420,663422,643659,872773,151861,821585,749932,774308,72701,414944,507658,45318,824434,14129,484479,261686,597707,933533,989415,580712,380043,53909,450537,640171,837682,372337,684478,26225,24557,763152,560001,703065,325438,580904,309628,484332,690120,651388,1580,482355,92781,117108,952147,343509,431153,911454,303567,568630,922096,55548,622775,586657,25332,181491,385132,691407,359540,473759,984462,261360,276785,478209,863568,828998,371808,945707,605107,675598,298158,567348,451682,532749,518494,294263,765371,157863,971969,399446,375694,973789,272247,36351,833286,572652,402525,345534,932667,800722,623619,409166,939614,778428,806843,516957,535184,431296,780745,60160,87004,129308,275731,181395,258859,730714,328112,455515,381209,831871,797873,646910,7195,880101,851237,908006,506767,526151,901539,607727,831746,786115,176439,426423,183679,758448,547692,941474,300306,297413,506686,939781,509107,984231,308894,295838,762713,771349,293217,646996,637256,692622,485208,334272,266676,684382,427305,625644,122579,766017,870711,596066,284645,187364,309790,18021,328085,690308,625973,743510,926171,490996,893113,728685,978440,999545,515606,601600,448236,551532,999816,24896,396722,501683,988266,834424,510003,318020,472707,385975,126181,766059,456564,141709,698792,590648,980592,164088,171414,883951,315554,456141,951704,416674,609542,576974,594732,479617,120265,597856,184456,634894,531301,862628,577309,929692,555426,388809,443648,394322,902122,977968,156799,79297,284266,25536,806625,600388,832107,188372,446956,623138,893566,319789,320799,927926,86242,639280,417693,471733,957638,310030,456766,506229,617924,90706,973414,392299,69275,87140,281647,145584,241683,534493,526261,345268,166162,534444,497045,185620,157302,730643,144690,708922,358428,308259,749901,21410,434609,121689,7532,615165,480592,408286,936096,531198,891488,313376,386398,110348,760707,361602,639256,476336,484668,420399,288039,534786,298093,404353,524342,112089,837257,738724,943314,606082,759517,842386,365455,955586,818380,453918,246894,217017,169271,918602,196890,595057,671540,299501,354805,129518,254505,658055,423348,567547,709117,419334,26645,468781,239112,759818,967341,347305,365066,737938,194041,601968,903585,251548,392038,301436,623362,80039,926158,591945,443040,926138,370907,874753,897350,498745,861926,378463,760635,135388,481494,128894,944242,312392,854561,585398,746413,3196,59274,425894,569417,208925,104446,89053,153301,661629,540790,472366,589676,650693,531655,212421,427370,588143,64747,686689,399662,390760,364603,470966,197688,763425,986755,933218,95388,679407,163212,426389,898555,905099,536377,385039,827190,734900,206924,292332,897190,207018,859797,216260,855360,799141,955520,644404,267747,776928,943397,331945,945732,644766,999293,310255,541914,984841,881311,647150,319162,334088,599909,970133,572895,673796,368617,229818,729701,819565,233498,895034,895079,168455,499792,274193,149165,991803,649218,38151,146850,401004,735893,26526,728250,916222,494410,129631,15277,875596,253464,526084,911074,511475,422835,478574,410319,665714,418410,726157,521923,520810,408868,88045,468540,65766,417028,303973,686783,593674,938284,803457,112,29444,112322,15471,645624,664753,787741,828818,744704,430476,250797,160035,817751,279477,431877,953661,933719,189730,735950,624324,160032,496723,498264,227839,262560,302598,252204,550024,942339,557438,566013,360909,152643,725558,976209,601510,848265,44696,905644,123080,461476,532667,684636,712547,520813,576735,24836,147635,255808,67848,640168,553235,131246,887552,983239,622074,94800,439726,229928,925502,851357,234758,851080,165479,663592,235373,219695,445323,366199,789200,262830,822237,732499,146208,95897,347424,271091,387867,98772,24504,193563,672709,577991,590723,395490,892283,325028,725261,704148,511519,114583,922922,185968,660003,264785,872317,689324,552649,673942,921988,73575,498429,352852,352609,70076,20746,513678,546653,558656,439948,324811,610222,76151,293021,137328,659060,566135,227254,149272,537451,304311,243086,433873,855727,935445,323226,679070,847806,532487,949714,260240,106225,390281,636923,460587,116654,308451,939028,268695,586895,656535,822954,102987,821543,89989,490189,2243,961434,253571,465395,959554,185686,360338,685970,260910,288240,117915,241441,107056,910362,486142,380369,894005,460023,968634,200859,607431,859230,620677,937463,446717,826117,16051,303882,19174,926657,913648,784884,218863,842948,517633,172223,705948,55726,195248,285313,775766,87544,642208,726352,437125,74068,756447,74434,929539,651371,293328,818680,617166,480066,24576,882187,473800,641088,467882,729021,338015,467222,950707,184381,534076,882639,873895,110370,500402,598210,475028,376941,442056,878477,5595,502016,348202,451663,784478,183709,83867,13754,605515,905028,389036,495353,431291,796544,555980,283054,509116,337069,490545,129442,634974,544280,220148,684056,702021,3207,793412,580296,934768,106326,893270,269129,978940,508524,649631,724039,3788,719110,331338,748369,920935,451560,306753,27742,868473,64700,73318,628645,297829,210099,508839,748336,4734,705681,935574,352837,568983,893002,453520,794423,317142,47043,987758,545782,87921,181870,352228,212299,150267,998138,71970,308074,26929,843992,675500,929257,694963,365363,157839,175309,146525,76551,807109,644445,315725,612427,869563,60402,489222,103230,323318,356066,646099,693230,37127,19820,766874,992219,813834,940753,651516,70537,814098,529313,879675,481699,51349,920133,242423,49575,201667,556222,839038,589915,443884,283042,856875,983218,355085,400877,163697,287378,379581,162306,496322,886114,643589,64332,807137,334047,743911,548690,306633,768697,665700,881397,776113,64453,267711,22148,393501,76319,894618,216152,261881,830555,237156,685171,447608,611681,868508,566414,956126,124140,117928,695616,93085,697203,452879,943836,87557,197951,730706,973961,859051,316597,616394,329338,739371,20667,259424,560449,121781,329182,881707,510465,161787,979510,356844,427866,605544,367115,417806,389402,506666,849892,833928,717502,163190,660483,769836,280118,496355,150284,492951,988097,572570,357207,440791,337155,101985,834372,127486,910918,121333,662811,311652,224768,124895,216134,10743,977105,5695,247289,322289,907542,687469,454933,758197,744544,414717,481586,941946,499391,889061,985734,285576,570964,109638,842868,738455,742285,559038,886264,127649,855323,498975,148037,740686,421279,736214,786669,388480,941714,237421,64960,192915,409054,293132,107263,475909,566859,417403,286375,221470,763511,103004,226563,340804,248107,687603,392008,581612,710585,396969,50070,523234,322156,49926,988039,298052,266172,364321,210664,398373,644497,155972,616207,778652,38806,651356,247897,145428,907869,26886,128971,907502,212530,248664,815976,19625,772144,346922,16607,889091,181694,953656,961697,743227,282441,655252,832640,636000,293908,686223,435735,651452,843724,110680,30041,561819,354432,12381,727788,201544,307712,671654,323531,920175,936008,612134,169240,568984,924029,252493,264087,684177,27251,631665,547589,709605,912822,158497,802674,993481,346415,965902,382604,556136,727763,287951,113387,913383,390481,287503,171952,853961,426708,581164,81283,520429,453208,981474,609942,843738,940668,980640,10174,927882,195044,125634,380919,445896,767278,586063,718935,605023,16341,73878,482805,170345,25678,291127,422144,485702,922410,793065,316699,984476,371436,112440,450573,213379,229689,382188,185074,241395,796970,565743,747088,965414,527970,839617,605535,189173,243702,530663,68372,256551,990418,450425,91218,328136,533360,96134,935826,329941,749738,42552,840576,862996,5601,994841,192054,273049,27091,600298,412018,505296,476462,807946,75813,659715,512131,877522,56627,558247,286047,800653,169682,620111,309509,994628,880115,961084,100432,732484,617618,242777,941541,885696,446233,837464,178920,577177,239377,819666,993272,245568,978183,718090,854119,598349,688118,719210,962920,962417,786231,575740,659938,705926,91480,238232,706374,28151,923340,171910,219523,956673,410197,589879,164490,623685,440261,916083,847157,849859,779695,507852,502134,83208,862494,106866,939540,682574,342787,182293,890771,869222,435056,545941,962296,91309,32487,652315,178810,159924,210747,251222,748302,981181,264006,662055,45661,892695,66694,392738,658904,948188,984377,231555,193972,457723,417612,558885,156131,648667,226573,10104,950220,728404,446001,569368,827987,479597,912140,399366,899299,1898,363384,69811,23006,450885,793216,755431,933692,797685,702663,503961,552941,32234,272259,612027,614492,49458,565893,279823,559227,975011,909034,422407,222196,506087,64212,264631,900857,984236,800994,460035,420996,223479,573755,432153,803431,245774,232692,827877,726885,521865,698787,170289,902219,445651,485699,469215,377398,772389,748269,975885,324092,421007,840633,590204,410834,915293,135487,919736,901946,408066,612302,806454,519163,689379,49094,74807,653397,172098,910635,437264,783782,834854,903774,222400,196027,433956,590652,603409,245686,58934,820974,121377,440662,492572,277037,312661,513,465006,304566,409493,343566,646802,150941,98455,153488,809012,514752,958843,6237,892753,684103,913212,437289,833971,244664,449999,130686,340969,54491,882801,715819,708261,319148,203553,90963,842841,512688,49607,98767,596458,492222,392302,433830,933432,18322,943095,497792,852959,117671,9830,64814,549310,916116,301733,91486,754339,325129,851633,881785,964065,12982,556558,530052,457008,93591,343150,788883,244912,512001,528206,905738,975708,75804,979372,641572,988017,197402,976001,829387,788005,42388,858890,994895,956137,306955,561063,956744,612205,817667,284265,517371,666010,330158,806307,8112,509025,97025,836578,867360,476477,334872,510832,681252,544370,74942,505235,183685,890195,860892,648934,201543,614945,633145,907367,39052,261106,335931,836204,692991,702410,974418,704920,428310,642614,920716,101904,523259,676573,973882,770678,119910,999259,163380,445856,912007,446605,498987,456573,71456,137000,712882,309302,623977,923105,589194,208507,235373,530975,720166,149959,222137,923931,539502,601366,143671,577892,684187,770701,598137,453374,169796,47822,405528,382113,162789,704111,261429,888757,551174,54136,892115,720460,392253,34001,341320,65342,55739,478944,609768,244998,937141,527504,667273,690271,300510,837267,452630,949368,481765,776906,740537,784814,166043,997590,999781,708683,861231,875485,697242,175254,113379,200188,242383,270459,960922,169532,739522,697507,609834,744257,431220,215464,444178,594290,545504,852193,402062,286154,516720,493835,551377,649490,593604,394009,750990,502555,696428,681079,814939,352401,388588,51724,950624,611568,187839,881715,141401,918897,497973,5513,284272,823713,871733,292368,657258,254008,748436,413149,654071,197447,148650,432176,151428,49850,453410,321892,175352,284147,58803,125976,265687,315460,104361,657919,689327,737203,372307,746455,529284,49420,2709,428744,241243,108085,788908,354654,701241,491672,333475,389527,552232,712552,959488,835485,830611,195743,855621,539728,204443,394347,863708,46605,794163,274843,212917,176302,712059,158382,200146,451579,839732,69138,474161,368427,818457,226357,171188,3538,582235,478163,335290,667183,907960,117801,498802,215080,520942,434175,728893,267960,525238,354636,896356,701310,267897,551440,46808,10746,519912,809574,84694,130891,776766,819265,906122,869436,865576,53909,841745,822693,926730,846094,485748,240139,724395,785129,153437,748902,223307,982401,54419,148775,303486,843547,450670,205716,478991,885135,234259,546893,889434,943001,731304,653516,500876,501619,295711,433478,723065,711810,95095,72550,538367,529413,761600,340333,567660,214671,35775,988429,299849,924538,276329,819235,118856,753994,387270,852834,959878,698960,481353,600727,200684,509335,794604,445579,491758,407391,456822,800165,564121,21863,127519,61149,53055,843018,329119,407523,442381,407149,77652,998761,440960,505584,945986,650373,538306,56873,796719,959577,51425,27034,195021,500138,94933,735319,694364,267882,619901,997404,611129,601221,862827,789161,484062,624667,699939,565951,591694,5226,642575,275640,879946,91325,545542,280846,228178,514502,749298,724349,393713,135670,94958,157085,503005,859943,243632,709268,531539,894356,906051,483399,603880,987100,166896,911305,526592,185767,269773,501792,758243,423681,543568,590413,548275,304128,224153,168573,323846,21273,126583,387200,151335,486724,588574,416660,196255,449157,799678,589252,976923,837488,556654,74861,177075,78849,248541,366214,856437,604476,153801,201151,811561,274005,560023,643472,964840,494604,507699,459578,824823,566276,385160,194809,787233,24662,533123,332404,366049,821096,555494,885962,935187,419023,915188,978244,975112,868504,828114,973331,12421,258220,502587,74800,241257,398109,893149,898580,553720,37475,16221,669566,39231,414949,551514,498923,565318,49479,996766,372141,189336,126243,99693,865039,590451,56000,586821,720249,79152,83332,822560,987558,48334,160958,367085,87377,602312,78329,345323,266848,191509,722340,541863,969437,178930,279252,761877,590605,970228,139940,354861,44189,121822,801568,25937,91075,15510,976280,783687,837284,765724,960643,496306,886429,239320,390846,460607,633038,164017,472325,689794,668660,735215,672290,264404,579805,873602,790205,988273,689807,246787,35302,510051,268852,491487,765632,181570,708940,761272,381170,44564,238464,844288,566070,850241,8649,475709,243537,375879,642959,537816,550765,530868,348797,680935,111911,457327,967101,72605,243200,985683,923291,81321,698304,789045,44980,888873,152089,752416,749102,469719,343960,25182,105353,121821,231274,765820,389239,165569,350931,748666,379213,558434,192258,554255,718126,229666,391843,426448,82652,301073,452359,198563,114958,553562,210967,565956,575890,686216,587535,397052,333692,141502,995583,881386,951190,114508,477204,932105,355708,598582,638615,243099,56463,154876,885452,924559,848506,964254,176766,839481,303447,405015,269123,943633,823889,504714,933278,485582,867507,435647,188327,663340,239138,572280,45585,650345,98962,729727,918945,788865,719573,233505,674974,585403,405508,430341,784198,119414,418776,243756,600927,134221,455493,895311,737078,604561,742423,228794,197217,979114,728861,128943,837225,66692,403543,11115,111273,984176,637650,429039,311015,505227,888921,202653,919949,396602,311663,712478,97266,729225,830861,263148,604449,235582,398408,388187,116471,299599,244049,178312,667747,487321,260674,324176,379324,901823,379856,575193,935873,237312,17197,334352,774555,73550,451014,800413,826920,194809,261702,103802,955847,577793,361406,2776,401815,879218,961931,248230,121604,996272,77391,651260,944846,766525,374810,620904,555364,66753,913007,347940,813197,389851,807123,667953,622343,791639,402970,299932,830003,152188,298247,277087,869311,628808,194864,835235,928017,803873,741772,647961,234857,120038,901722,214660,878590,842170,578906,373700,56198,767435,265244,833702,312510,587312,169515,362377,268664,272539,560641,316640,840744,424709,440741,503372,910789,207308,341978,736007,486531,513569,730054,222097,692911,356759,533436,102405,10176,971425,695794,111721,36427,262270,263001,385469,789562,449637,751782,441665,343655,441730,486169,793237,381624,96833,932818,742841,653542,720440,577765,913003,159796,466192,630616,973063,607145,528293,931310,847082,384505,626538,936026,389811,977541,296237,914229,816449,967463,46179,828876,792563,954307,102294,114731,960871,749928,421298,3722,5363,349479,969306,253316,541575,448851,332654,76418,179322,902460,289403,557862,169641,285416,912724,291016,763015,160141,931225,81395,494446,235772,563923,249511,473185,711042,133945,833666,742356,397055,831155,879404,248810,367023,269659,817363,954056,658139,2531,164418,746764,540745,867184,869896,53275,176329,666909,350571,701967,738631,305550,505124,925083,630593,785100,173214,662600,660478,913978,711720,663255,848450,153347,58471,884377,775741,137181,543042,518670,452316,649553,561702,212075,827386,13715,89706,479854,43781,196306,1351,791005,757588,774895,496315,622377,37739,63411,173857,957071,431190,320347,123008,978800,844568,487532,818304,303404,663689,523959,791984,955896,845460,694717,751948,550096,645050,102337,387632,302757,693378,439915,885593,701220,148083,147681,183184,799103,153709,695048,303397,962496,780052,812219,51790,236558,62116,196602,796213,444783,376569,487959,113828,452963,946914,36125,744848,994937,216563,854035,799643,210545,11527,531030,736722,354296,92653,91069,428733,357282,851706,27538,705969,575938,305440,728830,955676,638984,398634,564466,711416,455245,949538,426083,569493,546233,490261,440936,427888,462346,249940,111266,88225,86609,743416,909026,103462,715485,401868,742129,477113,248801,788889,821134,596028,923706,590400,726101,2669,861727,359279,950918,7460,83878,916680,844793,795321,864343,208846,744998,996307,857096,394819,336650,311105,178755,805413,726114,517145,706553,593558,80548,971033,291917,903294,67532,99685,20332,648639,914905,570154,181526,63265,476456,811823,988584,6030,624696,884353,914235,205358,188819,300508,571045,348054,29800,243604,568227,483996,42027,31396,208696,36411,579348,177069,887736,554341,919911,275749,45253,977030,537550,392105,639993,410118,552041,89464,149678,387810,802958,326595,897927,519602,304331,18374,160072,33191,608532,334433,276981,376574,684422,177064,477087,821545,400320,755533,753664,935596,412342,4530,50310,514985,93554,530584,912279,612538,669064,956238,259511,881446,947172,343274,105974,982741,204923,766556,270165,90566,531253,514921,93917,438911,340587,165177,529731,376413,702844,154657,182132,983597,830029,163545,405716,733095,408149,533897,594044,767576,282246,488174,399011,342507,587562,578794,29599,248630,615899,202468,573356,75157,695925,624024,896858,841991,189218,84036,912154,379165,302833,398688,476456,403856,784424,782437,483998,488008,431422,44479,570677,576456,477197,169356,355286,500778,844972,506125,327021,344738,339669,604948,85797,168200,368207,33976,725174,919133,54467,217802,855610,336011,691495,526323,414765,717438,821509,943229,942325,84600,1113,531702,456090,166672,303792,412975,38352,231939,376373,757959,886439,805750,349362,791298,604616,644659,86859,711007,316297,229103,367207,270898,560046,670852,657770,552160,1656,625684,181490,405010,559842,898754,876259,322309,418143,770295,733713,94481,583278,893755,887918,345500,298354,319676,354224,141676,801438,373852,663918,614731,426969,949017,158724,153226,601242,108966,570637,782786,114257,871207,871692,716098,550827,848537,650026,290998,722440,499724,582732,65333,21216,939320,956618,414274,707870,906087,740899,718784,395231,844367,639110,257696,930777,694489,949763,798870,748666,710296,744203,704044,364190,839983,718949,563342,855109,943960,201506,171153,501639,159810,509458,102609,72295,981756,205128,651949,801276,373849,227804,490272,890543,268428,877966,190254,248130,867376,962176,949708,982405,169849,381383,473490,258701,135258,519997,322827,641169,810651,367450,971268,65895,923208,757429,426512,464418,271360,46229,41642,47564,291938,956828,538778,291428,636251,837185,799490,263367,86152,736987,264499,594718,729974,536269,529975,558678,905800,778574,961463,126849,363760,906477,271588,28421,942638,300102,209849,299372,579676,167284,968544,778721,723095,395379,372993,116505,818496,141639,765100,977265,37666,633719,533110,997071,967576,745401,21345,546737,418285,843785,950845,545221,687875,969155,575024,429815,50943,754343,882835,788484,621401,196507,367548,641827,109212,632973,730727,520180,138596,37727,281943,395103,584820,351476,569986,129000,361976,35023,901458,195117,462510,462623,176634,402463,871252,749940,939252,968591,634984,333809,207914,409461,651647,164363,872405,172330,752032,62299,618220,694818,61542,783451,742895,128089,938956,611574,839347,497685,934349,284315,785787,276073,559929,684198,874797,503001,860620,969394,317559,884580,232652,575308,505764,464898,500159,608473,683680,46679,679286,123960,519020,436093,538467,114172,935495,744470,418053,817315,991890,416914,348283,547053,756498,178836,537030,380141,498578,906177,997375,19215,781973,79489,179338,586167,714635,406482,405735,806335,601551,660210,31423,291359,496605,616319,8473,94977,497885,541829,264200,290749,101427,373608,604680,115652,411962,767443,418458,658469,758656,381566,628217,888284,610930,930997,848811,442996,167449,913973,143937,222218,122205,421858,35242,140013,544713,325058,838142,753618,44723,218345,825273,529137,68104,46331,49504,550622,670517,901762,732554,496882,1314,502888,224409,19066,18907,610402,12451,839611,288374,601880,123411,142019,30516,938106,221660,37294,325545,901159,851440,808217,359084,537682,310131,585386,371877,255803,246370,137727,34327,415528,440926,177356,586347,845117,851677,504,68166,639873,706088,764574,216090,737316,718532,361338,205520,1714,30404,308285,177193,796579,754834,200871,477820,331908,589035,290470,736405,318228,574625,961236,131802,155795,409202,592058,626167,538986,409180,917829,929439,754773,47950,93790,324805,465972,112513,325490,835268,626631,294584,877610,781342,146935,959648,882859,328816,36799,444808,228767,8026,5253,266748,457232,510526,862551,633514,348117,221161,751867,940755,11226,351477,384690,532221,492715,770206,677070,688827,98209,40297,978654,758160,140,773700,633002,915046,270201,728693,567140,67507,654623,209182,981474,628187,823935,14812,189658,4087,277704,979365,425926,393325,314621,90555,76216,653986,793084,117082,944538,950611,229705,706913,683916,451254,531353,399852,538369,868799,366247,372703,223020,388283,194537,447711,184960,693934,423011,90656,592244,158963,550429,24666,518318,962917,846557,548229,21483,119676,602752,850895,274475,659095,925949,903557,124371,848497,553343,778653,349897,299835,252673,572798,311595,58200,629950,728071,903642,209366,281420,406062,515691,424893,159393,93486,357253,374881,773685,892503,21018,766347,377982,986028,847445,905607,310180,750640,169892,962718,333570,451192,888020,944192,393266,820874,326789,715731,695902,959775,876455,567441,552780,702833,596273,243204,356323,108346,192003,635926,3425,907915,793367,540262,202330,788803,509377,882779,184485,584519,968679,589456,897479,765208,118206,375723,703461,207500,42568,20879,71231,293625,947162,909924,794028,54556,762091,989416,980364,270295,161265,136491,399054,370989,94033,575527,492849,179214,16111,44156,700641,830800,321234,736529,740282,862888,460898,811095,749571,253364,696624,586568,531338,948831,105484,565235,556523,905901,460082,864385,944658,986154,330500,715116,235171,981995,139714,263259,672931,355467,314234,728609,946507,200907,605473,961923,808198,450832,94786,480256,278877,406919,97175,877066,615961,609304,372449,475852,910418,236508,364423,681907,876900,471125,951872,39772,369569,278188,676582,355043,241859,237991,636749,365675,919212,865155,63178,324780,685189,886327,916769,87191,141524,953441,460248,253497,638426,286853,863576,803485,89542,764458,174340,977819,800263,127647,459830,872472,4787,71647,533085,81136,338145,373843,613193,537491,554295,344869,199959,880585,797118,505902,464181,684077,413221,158541,656189,177785,721297,629657,828992,30052,635479,982806,525444,572033,304593,580344,231984,868252,966785,855850,451673,998097,997729,414193,581278,275760,374177,756984,971352,714376,294405,922456,32626,511446,226932,144120,826244,142027,616401,8873,102388,918186,99965,495456,259328,85544,394534,359509,723127,511553,9726,513493,313832,95728,469091,492192,92066,799665,848491,40800,376608,985401,697569,30022,424023,228349,907270,710971,822563,184859,560650,320632,219999,217854,948953,660031,214292,369849,613585,581879,630098,91193,472771,42993,641542,21207,29079,277692,21278,886110,575825,581034,629695,356657,723661,31173,178753,670803,269079,267797,854781,763415,771907,349942,476214,46961,12326,298548,726010,624849,564013,827859,510635,541379,587660,383710,880721,211476,545525,907624,601318,717650,387619,135079,69431,679464,678525,106689,132285,519147,870723,425933,122449,904140,698875,100843,462076,504714,637072,773401,646723,473702,829845,356246,502761,224274,448221,126992,586592,382351,278504,653872,595269,439889,843937,659660,591145,907180,338860,131590,869353,296615,597829,657834,867881,790266,91307,362929,703406,569450,145673,800277,999879,281367,416891,526166,857452,5146,959826,410838,987590,168521,624437,793481,407283,125530,289340,542598,148300,768450,743233,191228,449122,966998,875467,351527,529118,778707,86690,365723,560437,951003,673810,52818,982068,204378,81761,375180,943741,589343,296012,572321,255043,422675,746411,898757,656808,616014,355880,554855,604374,542841,807673,968103,529075,606169,331930,874993,646495,889955,817951,401652,622788,759432,611774,362282,108644,280412,244768,742352,260201,367839,389166,2177,19698,335449,847334,401647,602810,70338,409537,609385,746844,35464,181076,612054,276267,817819,433887,977102,61401,25952,354634,532661,54696,494801,750255,369914,776615,521910,211559,888165,889051,502848,865263,298923,584146,512448,559799,52934,696325,446051,656308,534240,466869,447967,852283,321999,823145,131494,633563,431832,522162,266944,781464,866259,583190,872759,674782,318295,304949,794759,395430,11235,905466,814214,711668,277901,949783,920925,154060,439420,202398,606150,314669,155985,59222,456678,751941,495046,565970,684394,485971,778761,831503,296793,365694,44089,284093,834067,508478,104152,296068,424967,904462,5875,247333,455256,221758,682852,179874,420642,270375,588923,260976,258813,252639,658689,260367,942622,531751,717934,738818,225839,776093,556380,769625,794015,955700,322043,991911,668265,301896,8137,812811,451342,849210,384401,977724,332628,735409,74508,937629,161486,627940,138042,441070,973979,579853,43980,720999,817912,590677,81477,753496,318320,505772,652174,297085,452153,478899,492986,171173,362772,540351,451783,852014,424725,806403,373083,371028,838430,857890,587169,338195,522559,523820,476451,443046,567784,179915,329040,818720,308707,181867,648964,644101,814176,657679,586238,737276,553292,380152,979536,553169,685198,975624,207854,240368,244653,895090,43282,142300,898303,476904,873323,262635,774711,755232,183167,506066,822590,567981,164272,314691,241682,996039,612605,162141,442843,679412,633746,675932,981122,472355,868662,897631,140403,883479,348118,466239,958183,45870,524916,864497,663941,822928,441207,562572,748803,333705,883757,579845,191132,753050,352466,737408,634871,217418,281921,685912,62740,88934,422163,752347,49975,327616,1265,773962,989787,738842,916862,935712,675646,766567,657199,228202,665886,944353,753966,960394,387791,290993,847807,117748,658715,204902,836392,209177,309194,159316,997189,136947,454760,908824,847511,148796,774752,409261,487252,84696,629113,111251,339313,317835,472923,88774,792371,335516,422184,663333,717932,832197,292266,67902,138910,92786,773385,877658,246421,672946,808640,263145,330578,442552,912932,685678,989170,519488,944180,847219,912332,849237,652079,455231,848242,785042,809668,206434,53686,404592,8575,435650,550566,566715,784542,241410,912187,974029,982923,852117,479389,389630,901303,669090,118804,192415,816271,174887,528106,434730,301172,107095,19630,294602,190808,750021,470746,918761,180216,852964,605647,192522,791576,621254,631526,592169,928630,498625,404850,453270,668521,466162,610426,87833,487949,953689,766090,805493,307501,739995,83764,225542,489247,896113,26437,552617,514183,389941,657285,743993,100280,261671,552349,265582,676339,648064,412843,327789,741413,893057,837919,496545,212060,270127,819744,309635,249808,328221,59015,882127,913059,86467,555904,337451,681525,126662,426351,841810,963326,1375,482246,73095,273107,636561,585790,303688,899545,998777,820457,334153,882286,235647,527827,215231,188540,663072,333064,710318,599830,203927,794454,219602,470297,833064,941620,830126,962397,78981,465387,969899,832698,618062,871478,489254,590875,313090,102405,319583,256388,474017,719903,844779,917761,604015,819656,302297,502221,247936,78626,758423,247250,543274,813543,650868,816842,615952,325717,742701,432181,633986,529920,253773,164631,952240,663305,191782,668210,283850,666500,92289,210534,279046,797450,771042,190028,893800,849751,321300,102773,752745,668858,213005,276592,785629,342845,672873,583365,386184,86098,207887,476924,664445,397066,785827,497023,730706,699224,411003,638915,198710,637158,488856,840035,501744,375358,223740,866851,305229,473408,620213,32125,727616,987540,217713,379864,351376,622636,975028,93695,50709,467047,101656,352335,838201,340727,762533,571680,318227,689072,972298,277142,702673,716449,27717,856501,665785,159939,546674,200421,804909,790414,828897,981767,669053,330732,261028,736189,738989,816622,154434,983997,968743,252739,655713,268016,989650,13277,984821,391404,759113,807265,978264,72428,779901,895436,666144,451549,113322,315694,785285,954051,313018,494856,72529,422375,208962,752109,177607,653456,881426,95468,666507,455761,686385,848596,701126,707002,775531,805260,724177,215054,27801,754814,737388,346609,83491,755159,321140,643746,413766,862289,798899,839532,695214,730553,706006,434166,899658,865179,779880,332531,44797,981447,320248,830463,811477,117259,184755,122437,590048,472598,530906,731424,933597,924739,605930,924455,312329,668235,798072,505654,698568,849711,761882,478495,175760,985578,280538,322443,336429,659631,740788,717170,201094,366283,378644,746135,550555,646006,65054,566605,42651,613199,907089,591681,350406,599948,786975,310197,785977,114296,533987,868440,924683,595928,325758,78866,251484,63855,734179,878608,190035,524959,834488,426721,827520,723545,559599,526186,757204,263864,402388,194382,287584,737224,189922,958345,362575,252021,167570,529372,770629,296180,876623,50407,520889,362562,438297,587065,290979,318905,195504,481733,605309,238588,796979,831984,273569,98490,104899,165592,37410,674177,918256,35322,637431,733887,38878,254111,795534,99087,128721,524317,701748,811038,816985,497283,221568,70978,913376,9331,979998,752411,988749,498456,983507,89468,608812,830108,363477,44230,725430,665546,887043,296903,555944,766906,682162,168167,830324,996995,45860,967081,291582,708014,461529,756121,777424,516002,472441,992130,197054,454805,103860,338130,151594,567678,934502,664588,819801,773944,84009,149403,778714,749845,740502,876150,743907,96549,857956,124867,844699,702117,436157,378863,705465,19143,788138,379944,479939,134198,763235,21287,967795,175361,208666,798247,616659,23858,66808,456631,270268,742619,880511,75458,510239,4732,490298,404740,654090,286426,724611,79097,806910,706709,331694,160333,763012,886823,325395,242444,732565,143573,869875,554830,791858,340501,434665,357733,128973,925561,464820,549077,212213,478073,263032,980490,775726,506196,301299,26153,204509,807356,889310,695333,836609,565535,837472,211403,26925,847399,921136,169352,129284,883684,631645,996865,365497,575542,246082,768386,753934,755580,148706,666642,774815,562799,918635,7737,632239,282254,746612,839607,198584,963210,364820,525925,316022,336495,820551,506467,940101,352461,317568,216584,762639,416342,165890,766266,786375,342061,559730,909567,409416,143497,566405,97328,471468,511073,913490,129866,457990,894596,168048,91581,898458,894817,562851,351180,861559,83289,805030,868850,137515,3675,189837,60859,642459,380561,740546,779559,425218,954816,528541,431734,761608,887715,985310,782341,664240,268308,561417,297349,28177,599688,281516,691662,327712,345184,181184,143087,607335,28804,298492,40535,206478,881185,715899,968381,104515,707102,243374,754054,419890,768244,989530,94059,453774,79881,941875,27625,828232,805280,973502,442074,586173,452334,715502,587319,557709,293999,145620,826634,380039,372660,58571,752841,534867,449258,723616,37692,693750,80596,589712,411291,324377,722450,679311,789152,631587,532026,106071,393364,265079,571431,107213,768894,465371,757652,956577,528165,521090,306774,114053,235575,464415,282208,432361,480584,113071,989024,263475,117424,992477,953077,136910,157952,518469,943107,110969,423980,15884,824659,930458,548149,552687,816463,377806,11550,185411,693141,572424,844783,676255,508376,197030,333850,958016,684313,532933,584824,363893,276650,311372,403560,792615,156240,355492,788458,333571,771486,898287,207226,441353,743539,270199,761538,747512,114321,443483,365147,358997,508092,791946,450627,917962,944633,46270,599430,725149,936954,489597,29035,61907,898143,955501,467407,33128,929018,485930,224244,990027,544919,514949,91430,811731,511222,471752,225386,862348,778796,130478,198067,576222,151043,41162,512675,689909,497172,230092,170143,862679,528975,269016,841347,72100,835453,678682,571705,723881,314229,704008,585983,275987,871983,272067,456338,490413,845560,938179,44745,87191,755168,727590,565602,800161,774233,433865,940274,172763,303646,676102,842625,818905,575688,71153,232514,508504,93438,151751,587047,426019,324013,783746,644968,638770,373756,645613,333062,870665,350222,701962,735967,430525,85278,596954,308906,976427,851670,883280,170107,923747,939039,751261,13641,177892,750229,668585,272422,807280,543776,879445,246978,842969,6337,863530,375038,285612,850805,830491,183557,720569,548772,480008,53019,864226,116605,477141,294644,257832,811903,297812,481717,886974,865592,586934,808371,548207,20848,428949,394559,792989,861125,735607,902906,715921,137642,558697,778713,650341,914803,209831,682822,716816,28000,97779,944354,154486,188794,281675,562041,754444,376947,728291,18942,189203,296727,656491,23506,334197,357341,113061,418857,517291,617754,127150,37685,945897,853733,715735,320542,120228,315910,740485,765884,335433,787721,407460,133221,152822,962522,259812,316204,139344,671904,855057,349944,150584,623696,126730,502468,514090,551890,122694,232808,979832,647213,35722,966537,134852,15887,456801,854904,196308,921668,583222,844320,968849,935126,267921,662195,471916,395050,715910,270486,44235,557198,37695,899863,445577,915234,393322,949609,932421,247178,419147,924390,664227,245095,160243,274521,683810,923460,324177,746849,914021,129291,395033,125787,377828,675872,512445,741549,902548,71852,246952,195074,83546,397423,987967,412268,925405,713279,205549,937056,986512,667688,306696,503007,488269,486097,109033,724672,307238,790575,710743,57295,949772,176921,999082,522062,823254,617331,353213,341976,298576,195246,899641,361177,393393,820160,87412,702482,449547,229017,138397,851676,793656,462159,714575,620888,507681,930615,226917,143890,842176,359524,680486,668385,424623,335390,208580,927967,911400,290261,301385,560856,373019,664075,80976,968004,53964,609227,848248,453401,662112,721785,854299,316804,340823,217035,516608,549339,925536,858277,705662,131131,185132,304830,108022,506707,897599,25351,60390,557947,895523,169791,988663,122892,327031,593175,321252,95822,325404,359593,438830,66850,71754,918208,463590,249164,632711,736694,980760,97490,31973,842630,799839,733390,586786,526776,461310,295308,690108,802036,617873,257475,581944,70003,8416,337821,107841,494149,312801,632788,339106,466987,783081,741433,230627,803785,317812,26547,671582,726702,445756,421325,732804,538205,4948,334841,36304,568056,269247,320694,293598,478413,227890,391217,569955,280564,855437,896474,609245,414120,814143,11678,605255,185253,396123,561847,560644,791229,903431,997988,334741,69052,343522,482092,617918,546811,379384,826375,886279,367421,470011,756476,146109,904869,290686,857192,106774,562610,898429,720621,217903,172933,180909,902696,328589,980570,540592,811063,713250,165554,978083,281639,514741,274369,186808,322474,223602,132881,473712,633709,453373,32422,624009,368100,94906,720325,25906,488176,244974,161089,432652,221175,509110,543231,394283,396545,712013,376810,10658,447413,128498,744110,333012,329508,574445,370625,83976,400205,260758,198536,265495,661466,837031,465419,978608,927512,938888,145159,766965,580704,331965,523892,444164,948179,848193,266849,938672,383953,701079,554487,436384,254177,810141,553621,58575,171769,582536,760868,551781,308711,571837,199016,368873,962612,938891,650898,92506,119142,728951,690376,689484,10745,363270,549335,201277,830125,474755,103452,863412,904132,183949,726627,838214,152376,801991,345461,204296,187813,609364,941913,609898,933399,788658,836265,831860,450080,117150,237183,501316,496338,624632,42773,976696,742518,929140,896129,150518,544816,689390,217418,264531,150828,304711,134432,930650,616725,767642,564079,624391,384604,260788,499070,932178,976947,953565,988755,965036,764394,811354,188543,580980,794665,75598,727848,735570,770629,295305,18874,916904,864994,681457,445112,241442,391032,87722,376859,423130,748998,900493,452338,159354,614369,497428,786326,836183,569465,197741,469222,709543,657618,119847,898254,547293,417464,257950,106101,48179,984105,627488,290452,662311,614994,20617,687205,192000,93023,104551,84834,735169,738439,698134,618758,219027,339559,572950,104644,592766,59030,462178,978220,168953,158473,343554,299263,791430,117329,234369,982310,493067,508106,335272,1444,329448,785935,692942,45106,481867,578998,665386,606563,45307,599819,316815,826781,419703,353335,465945,528452,909123,650925,81293,610267,193739,67274,64369,272964,63085,700373,676377,851240,858512,983061,919198,882156,160767,106428,914545,377801,767280,758292,374366,249202,611639,110599,205223,993376,638841,755811,528267,120563,333062,628396,231,648468,770392,119172,989652,65305,525952,729718,914622,179929,210413,75252,510322,237804,613091,796177,79323,330601,625782,312541,148985,10970,605450,691816,509692,297842,735340,817389,574275,815387,237141,650723,833693,910900,95210,50059,870368,513378,639452,51022,434392,211047,320594,916821,781414,978409,472701,776571,72581,473239,535174,685007,300274,120582,525680,249511,609127,334192,391963,411318,674447,906406,755890,81450,96475,372244,781992,113786,277266,764924,457473,473483,284361,999432,249305,564530,499016,734884,854813,458453,176607,503897,319991,735688,236611,511731,898582,749537,399191,24613,316546,358233,754557,689988,655169,356796,682420,77743,985560,584711,383255,157147,226274,794254,667962,733030,970421,260657,935551,559813,82303,108901,412374,55541,792277,700442,706732,691058,214938,438876,734102,157289,211780,369105,471582,965288,92218,180866,287616,661884,53840,932211,750162,507385,749341,399313,827798,803312,422280,103222,535675,866268,178412,684301,996385,433836,811923,589733,367956,572663,141490,133354,211079,588965,826643,754408,663900,374467,990139,176948,836458,123812,705658,20257,286804,285789,105266,838050,781773,54029,594456,644284,706174,826621,818531,573275,249580,827658,812692,7234,32378,747624,170152,136643,53887,635299,276780,837274,167620,695137,205757,806667,247974,54473,734722,716859,489428,742152,421530,563692,645132,137077,638847,740674,251301,207081,178734,267868,385405,705572,735403,708361,830648,391345,909290,459663,593927,187876,873497,631992,825638,112348,19752,198148,47592,172075,515803,273307,634880,735309,754156,691609,936592,781592,267021,462607,74895,854109,857044,798157,134684,495656,148722,242133,384020,830144,853414,44601,952305,940943,282247,105646,880853,765248,374505,597951,269276,595339,666253,690782,560261,167192,744246,346939,830697,343506,766876,582628,458092,841830,318039,829753,819310,706185,806555,567269,735886,710261,840571,709567,300540,242257,974082,431954,82473,112418,459303,917039,106285,483225,984942,87328,839113,262903,268324,894932,800579,385570,320742,342745,671299,493243,468324,730067,318251,263493,949829,751961,630418,644158,833183,915980,212982,604757,457018,678177,115190,369935,522626,87899,490769,459978,787658,687454,903335,819726,910208,96483,450657,947479,247950,351012,258302,566060,410367,29869,755024,638747,892897,747189,772814,655769,653198,333179,679207,389076,447634,440421,381097,342928,468813,515342,140077,889814,383406,963069,908191,804158,957502,613580,422287,472196,372052,624843,410073,904870,535737,490760,460281,933429,854576,416672,277478,682965,819118,22197,748302,238960,515602,832898,839009,622783,498960,367721,453459,397600,77059,855905,374386,651405,925232,516686,625424,903238,293157,543504,247619,927488,107601,227410,925721,627330,921946,755718,708918,192296,72348,80039,440745,954662,563087,538213,680553,833984,896164,694794,756264,368676,150887,213331,950094,419338,276130,416289,503141,93244,192452,924787,688249,441526,533267,581055,697318,874832,397632,629918,487580,677053,855812,529621,722737,630194,316830,409745,223056,371577,404929,569427,538326,273743,367529,588057,999981,894716,22604,784683,148025,873117,90181,126304,378476,474560,254338,801013,180692,441413,984410,17825,584784,256851,366527,764239,150264,122671,859559,599957,606049,70912,647239,549975,759479,34064,185561,467495,197608,412473,581166,540688,900109,20364,489182,414009,701361,313257,755475,15705,358198,214367,710689,95852,115417,349539,853510,819323,851813,427558,511091,120628,412179,363135,115248,930632,581945,930464,350781,622928,429661,921890,286013,117205,996095,96679,586119,303548,551926,749917,693970,222909,821622,264215,888784,27268,627478,35008,476207,89973,248467,592931,865724,374172,868400,630824,925440,27659,786262,625267,903395,475792,4504,745659,567263,980770,990787,74792,57203,528841,501020,420929,674675,563763,413472,703298,159697,7544,894464,731003,883546,835830,962257,34600,754962,315444,94047,594457,917093,458906,88497,871487,713222,710264,540342,486052,221924,385492,196552,740714,666157,357680,681658,746109,364716,460344,265992,578519,599280,28603,256103,235170,366339,871282,186707,985103,603273,185701,687246,771472,926085,416294,628163,543296,882758,322377,704106,253495,771463,828745,31467,361156,781784,750338,52327,26830,215540,168777,675981,622953,781854,318776,658873,936697,145158,490465,563223,910719,110774,342590,364115,104533,819217,930543,379586,274088,353190,378378,146121,644564,501639,165946,104967,313445,531995,147102,91998,237295,852995,844818,216576,784491,861567,44843,428749,559837,818307,791403,709424,831806,824365,454159,339579,430708,151824,64350,88143,815309,575343,510759,185044,417983,680496,464101,483563,242976,996672,104934,202595,383170,578720,519429,121126,913525,363077,105311,477984,538394,904878,826575,367469,90473,962458,720038,121915,971452,223542,409503,564572,168075,187554,660100,824619,724038,194504,357573,755918,161859,466667,73584,226448,40231,434752,269456,303413,914859,182652,144342,535021,487208,53047,509464,935287,160210,926273,580553,339871,989907,299511,45709,665375,736004,239568,620671,4092,534240,688378,297559,726308,601565,103930,435114,281892,612787,98653,854281,170314,163276,621507,136196,292897,895082,15741,620059,702122,589341,645895,310704,855645,429230,766955,236472,346053,401122,191331,883069,498370,778579,525036,113367,121041,322041,509239,157588,82472,392504,489044,909467,634696,481632,644210,177345,647639,500425,469243,750408,843385,569432,131927,350281,319305,60043,752998,728916,314861,801213,43405,187508,57111,690997,525961,601753,139582,41370,772062,495594,976194,686892,870992,975993,455059,342859,863775,498946,406102,316499,775399,576941,262802,158809,961044,24215,758415,960958,200761,853015,578266,333169,922244,59684,487364,38871,309358,616210,833616,930353,390129,849111,742151,178575,146915,429510,125462,409096,853714,195621,306792,294952,404682,329132,190304,154073,995161,660470,796639,681200,272155,783674,217599,481279,520857,742360,995579,200672,613723,341554,977429,818201,516738,701565,238081,409112,29414,879665,434461,570918,82425,211950,674771,72217,230936,614008,915217,955368,904146,136118,348829,338670,111874,809102,845814,323950,192106,602528,660693,948471,876158,667661,231443,482372,981257,344202,669369,204962,361194,872924,392365,49191,377169,505773,3219,645117,574912,485834,593646,477094,318362,58319,138995,603257,803000,147869,564844,215997,943329,276403,767558,95892,175580,604590,420800,967068,462663,424630,120044,966449,705587,614202,885410,223533,604934,130024,471340,448822,645114,313703,579102,474968,132268,974040,860117,592362,77166,522083,909929,611962,203669,946810,5873,610289,291004,263935,624720,863596,130033,699204,766440,866963,860823,530520,835749,455888,138167,283244,673793,502679,886808,349158,89223,906263,170229,644700,372475,502530,127264,914788,850363,315085,178677,685564,576422,311669,718554,188635,61813,353825,962728,487579,737069,557698,651666,224489,9928,170522,438872,602412,972019,987731,774898,218771,738870,876139,765545,107124,539557,809903,471919,252802,762783,332319,84570,725940,669268,968353,486491,234082,757085,774802,705570,922918,913513,532720,152617,490640,141803,261114,80651,196746,655746,736981,638059,721719,508596,518069,229488,979274,504820,540676,757648,625094,686453,185440,86658,203687,138342,179015,968730,735054,584608,919372,28347,552703,318525,975908,466377,805095,779759,838465,904338,705165,708546,546506,448207,295246,326864,935390,717584,496029,194403,214006,119516,114472,57603,758431,178996,16325,347730,604690,737625,204329,798262,347615,93895,878225,69735,92292,563752,557928,758536,351186,602340,671943,594776,574995,990866,269171,167183,827460,642566,549972,675131,764967,90086,955616,825591,368617,220624,961600,890950,712887,682161,649481,615790,600525,931549,690323,668952,174146,221083,707875,136328,465207,449662,59004,620159,306126,628022,570194,174448,452817,696716,332046,199749,885036,646933,149355,324037,609049,160612,980126,554505,608943,567573,294589,130535,409305,453821,882384,166199,600592,70995,9888,653500,812870,681588,799558,573897,191613,190583,110759,69992,207371,722628,712151,145537,466911,50591,134936,50642,270086,387342,229066,930813,118448,594907,42,628866,718255,642180,653264,422582,494718,894104,315210,602141,685295,538954,971949,96921,494059,603289,875476,959433,485435,713673,749875,617682,717119,224294,64356,148103,644445,90676,211336,10595,434945,339793,547701,348294,642192,648239,622465,120192,883603,584465,195879,545996,3572,19419,48633,911561,124347,387389,548652,579380,817631,361310,356963,546476,634821,886747,923541,819032,563420,695385,115713,862085,761067,254595,516852,934187,497840,405275,489893,526017,9233,801506,622815,334725,482679,537968,23498,255080,513568,991338,511333,433036,364256,487873,527023,15049,720135,424166,770584,397098,724785,749282,361097,912162,261821,764998,637554,29035,743641,798464,56272,287807,371481,527945,707140,395781,838225,628630,969670,707351,494293,14078,233789,168862,210940,56938,368469,917999,594676,385636,861453,235537,364085,487791,976098,95384,350613,998052,669623,130589,162184,581912,722493,729977,500160,358472,956789,40295,688055,168481,634436,121211,873796,442845,255970,175428,599007,723572,630059,823978,898785,518215,92543,874400,85801,853791,862722,964416,853647,680945,997167,394798,133871,967390,794324,275552,544048,682131,641277,584051,556857,657841,307871,579862,205892,731272,233573,215751,929386,160925,65219,673784,945107,76564,453321,481439,145148,681663,922390,516370,531584,423505,273444,682480,590429,378673,863832,923442,621410,28588,287999,364011,958722,6501,179542,35227,212665,595867,591497,921171,734638,86669,876021,642923,120778,623767,181579,773610,551175,369894,829677,12882,867476,407139,108044,164503,756259,890610,300251,858667,609967,806576,892239,595212,859938,298360,343623,808802,663562,722390,43407,328087,717711,236058,735556,374606,890984,1592,985484,478702,103691,884673,262081,470697,444176,762121,220346,74685,561818,281179,422225,118518,197341,524838,438305,264240,528269,285965,843329,638762,822211,743602,549611,257144,180376,934996,402409,364968,522031,716132,415279,515940,852136,345650,124568,801320,411878,143534,299330,279958,291079,597644,461936,110872,298559,243409,57889,73699,13852,637080,167190,896284,508352,76931,917772,717301,460419,6469,785742,333478,858576,319289,339578,623599,82909,881341,176031,330191,191926,188589,53667,353982,94514,504664,499447,797075,485080,551630,564725,332104,566562,419070,620723,415398,911262,443847,814427,477583,828533,393756,626794,744914,849283,210503,448241,128482,457602,433003,813166,557573,614016,553617,93637,607294,158189,225343,363142,393415,801404,63659,338397,369523,589125,900139,648809,70277,477559,172544,957977,690787,696910,671119,388977,79455,932527,289378,303129,468792,46722,368367,841579,314871,630538,871017,251318,659792,802592,842615,646818,550117,507951,187159,974841,323134,476478,935263,450644,822607,897232,884112,749367,794835,491246,607320,75377,470260,93019,358682,371826,749322,586265,18978,477209,56601,920996,236794,334477,502110,496131,762557,7000,750544,982797,545116,147698,519753,732035,910248,808968,58552,197770,154168,641689,515629,894474,254408,309348,377811,759518,755359,670250,226870,458580,388691,307238,955385,256917,270816,41671,472054,876269,532166,669942,465604,605531,972570,828846,634151,753895,686369,871476,736682,345785,619558,264236,644055,531502,443454,584228,483582,133823,441807,197705,973987,877768,803631,149136,206480,841841,896012,241349,976356,93395,357259,375782,155085,888427,52233,895093,24533,256260,900428,663885,881755,238687,423624,644412,364319,186653,517825,810313,958442,175288,697152,758741,318959,542202,732291,831049,168323,18485,130282,722259,589009,629256,537155,1470,297288,738948,749477,508760,446076,359110,608262,222309,495631,433037,884907,676155,679161,651069,218315,187856,64498,767692,337409,76769,848067,511643,767167,332775,505005,414342,868171,42487,793024,355578,767715,758999,840264,513557,24645,388558,84677,935785,792187,838547,205684,974931,781908,177216,446864,145048,924268,531327,871655,307178,765797,276143,161886,407082,709529,81538,343556,549023,918755,436371,333140,474745,878743,264165,43881,285611,348394,920529,354799,162557,829461,781684,411117,168578,425891,161976,894329,415777,662229,596764,873457,314115,88346,374579,182317,728722,724139,583711,662444,176553,860999,712876,387250,318870,970201,905800,597847,653262,476814,894333,197061,505078,169567,201281,613097,882859,994782,908899,689900,69843,625935,754378,440350,925593,746585,541685,532242,609230,777100,106693,967014,154189,527794,130363,582084,80372,513711,413668,251788,480113,450833,595607,930306,588242,843622,411188,136086,487220,847433,185282,439003,209454,863613,557203,532667,540244,826589,797622,498290,3158,669264,298998,730115,765335,652967,542327,559816,498967,856909,442602,789585,484859,873091,543646,482452,304099,94842,851827,18994,88668,898599,931947,134093,543201,892849,567895,532286,372104,847414,943638,599676,124469,549207,899608,602916,64977,725260,341222,596747,526002,907966,168869,263014,957854,246881,106348,995665,995396,484077,256573,607004,535821,290249,265544,8543,723647,938583,972552,94969,183982,800799,281923,432910,230271,779788,944321,221092,287506,858871,868935,347174,911198,872910,128774,549977,477277,942527,828141,236180,644223,229917,674954,286683,938999,630160,130008,484852,919702,231977,360031,493064,155105,785452,380874,729143,28889,778613,947463,892581,162471,221859,113163,901082,562744,674447,364044,930769,725853,754553,957390,34540,289580,275847,834557,394222,653806,153204,409894,163860,519359,2037,942966,652103,151227,760266,172432,908273,696407,618178,18893,82971,210427,454197,405458,655670,786017,182599,240626,264517,528091,142846,751999,594449,618759,751005,38541,836943,475324,4813,914092,314232,262034,664926,905690,988575,916661,248280,290891,274142,267133,604965,840930,170876,238860,988097,590674,642729,697088,671474,313736,400097,770582,801408,498517,696954,11052,879428,367078,115946,726599,151093,333728,558668,710318,948671,484895,738350,543706,982630,677234,913292,704539,91494,803695,435272,299932,216764,599623,393724,345843,692526,84571,818826,625377,901272,259526,709773,570789,916765,9524,740671,899595,524418,749968,835091,97952,155714,924252,671374,922260,740759,169113,508520,871570,919315,442252,102386,705772,162629,226276,88146,44854,582325,892092,353782,833836,549712,750127,60351,384154,891445,896738,559926,312659,281732,870768,859616,89984,303095,630077,446992,873091,245221,161385,587181,165818,959841,910215,741805,519906,687839,453750,459877,447417,58341,707176,119496,291119,464577,761311,762747,879570,163570,627396,110192,759585,507893,683242,881782,973295,328202,26397,340780,574212,316795,549617,128992,283658,515464,307577,677559,862967,857239,248722,823107,647255,799676,674007,675912,509164,526357,795266,538535,833208,18239,474038,711140,891463,604832,775892,656085,291420,835484,913906,985482,523049,883249,332875,144026,41468,466062,545998,569488,290210,409028,150169,979976,717010,177832,425108,817738,63598,653815,322776,152227,948760,437731,530077,758179,214568,936914,650535,194106,148485,617546,520013,829676,858003,909059,825126,208603,600247,93931,521658,871632,993615,500610,452426,835041,909386,759528,82591,120436,330294,939085,612182,485793,354496,648057,26279,953404,467985,306290,690071,536732,925704,261599,998782,212770,886120,874427,120051,894188,688115,821800,390172,797631,553361,449139,458155,296045,492390,972655,60306,120519,18722,595739,62013,286403,547310,448970,652389,398668,776048,253279,282795,555092,584621,764325,733364,835815,772752,33052,854550,337022,699322,546507,563023,188578,299961,555469,822032,940877,769406,843557,968424,990,498162,652638,937457,714524,128117,113184,411623,468547,357596,97348,3558,111716,604657,373891,20245,388888,813821,186319,888351,487219,921521,57497,158087,887099,414719,759150,217325,323046,578926,725616,421092,544783,988714,35411,392492,774697,879062,816047,952848,990729,374233,17424,988699,649269,113085,23040,560817,568107,513117,115413,711915,729755,246107,548012,573574,681063,139596,614694,102862,587818,189057,892170,403118,154084,168095,242500,748786,706835,1874,402234,392981,394639,462948,994007,83686,836979,697988,732917,550348,310328,39550,858107,599196,480994,790342,493288,75816,453741,802609,103291,65398,727471,215636,481066,778760,408815,370046,579777,935064,280105,918181,45466,47036,30326,539577,537152,730600,932658,925611,349300,722520,893812,308075,652549,6537,978769,612292,893855,774610,614103,319452,643533,966917,581822,850279,280437,211787,960041,291029,322808,268654,59445,63906,742338,318190,973870,675054,999916,687307,491877,631164,547655,368205,563115,343420,536674,173867,781425,53145,356525,516800,327779,421367,136750,682860,260801,786999,129,518603,359758,277362,99550,405495,992230,472517,990209,794669,486250,198709,211982,478815,537186,591366,480099,927635,589794,589417,720117,636131,947740,679813,132709,404145,409321,645665,411639,257275,720983,374955,881279,760499,282405,249723,785592,211324,541065,675084,283141,177450,327397,863087,436874,344903,548796,47718,559992,242089,401749,483726,161641,387396,931794,727228,739845,584157,674357,17352,878990,711018,587267,364645,711298,436113,929410,119217,293564,218868,177206,596142,810686,667400,921130,182443,462787,715885,690436,644873,105577,7773,707761,162238,646901,37288,667566,80855,414874,203632,511745,403257,906244,82647,976367,275307,693463,45762,820452,523674,487027,605080,928516,466246,177862,342593,582800,180413,276138,901697,535368,869003,285891,525773,736201,558520,80888,305254,947619,432467,346133,707557,976050,509185,670847,18691,129555,421704,12479,16111,869952,25564,728875,436150,933568,559999,365546,841019,64051,990294,708131,903130,539156,242282,937043,125311,438121,97710,660387,914586,153459,703124,569203,420306,643702,410883,144472,218800,329995,283191,515378,44406,428441,794058,568161,435053,838046,460357,893072,904999,576296,31431,162759,996274,241129,636070,322663,694678,855187,380190,558396,563917,148877,239136,79415,649897,959234,62354,908336,584726,383878,486182,227916,313356,978997,911377,293518,945334,372954,102524,752984,766342,99081,958435,495852,299709,39758,983860,237447,783026,259104,645632,624163,521231,266311,65868,354941,100520,470994,826300,878943,302112,619743,137426,557667,244477,975152,201913,913830,156481,269302,88579,889079,597665,574745,902560,961746,872846,183127,755327,970080,577392,255048,562835,65825,195117,567189,455007,480771,739433,589216,626214,440947,416300,55247,817593,325474,528201,537920,609767,915552,811167,691013,183253,560859,948117,479232,700099,662167,790724,421970,975561,854848,696081,999856,764601,497933,800052,664549,146081,122889,575797,848466,894514,126131,226541,27531,609690,672256,359664,771185,635221,535740,938582,173280,240919,85141,509726,121,444321,572568,783631,142190,520985,792526,77059,551782,186331,571291,355855,659267,412395,205557,945417,380560,713608,71444,468515,690420,736144,725914,184128,529086,249278,108604,628597,265898,48738,148365,272779,61775,566945,810558,560093,597193,740368,175893,101480,370090,713667,411599,648273,218293,620899,884453,937839,518372,909134,100595,916968,437087,588587,66930,984578,351562,366172,512575,449571,232512,771484,559349,991093,653278,901167,134397,992522,780972,109053,448057,514748,668417,852546,281996,55022,716669,833741,930327,759902,473370,206058,341193,858173,563673,707758,702246,637524,504738,4838,734384,473980,752636,24226,932108,35208,527223,712290,957170,687907,523913,613649,90843,624551,937068,366579,677409,85073,946004,20049,835050,770802,599605,489745,277709,360232,801993,112237,798942,53058,769129,764360,680134,631405,417823,530222,714778,754443,667086,947805,462732,560698,297904,682102,362016,471481,79439,554391,504105,924674,470019,590005,846079,267161,963830,127070,508957,414369,868128,909345,965992,980097,988117,653385,601928,921402,596492,497567,137842,363659,651087,428249,796617,934600,561004,102898,336897,663928,603238,983096,169225,280922,904330,543604,85841,471796,180355,540511,965225,995777,319865,680093,244429,626093,156988,874,697507,289665,302553,950251,840397,434422,372729,919671,730750,165377,375574,267729,71997,703939,373426,664085,691601,803792,138730,840310,359028,466128,114576,354797,38881,343721,17565,128051,567460,491109,990566,413278,189913,240014,609800,273999,681047,942012,50544,147164,904713,324704,653074,92334,376725,36573,69815,442996,432583,239853,811719,284814,304339,848337,299362,319800,32856,705883,482684,79720,748963,28193,734826,883506,858628,549011,287412,712216,865435,261416,267282,630451,588670,179589,253221,547057,581468,727190,564783,288493,389180,469291,246574,24188,724958,53389,655802,634690,125120,552756,355373,219024,205147,885178,351771,462116,606454,772475,939418,362788,673388,170968,823499,869447,304427,61652,869044,413962,942941,285297,491008,629433,897519,425540,70610,276973,878185,946139,501026,955753,181886,333654,298617,329826,588648,403986,430480,90074,540057,714691,472842,879989,678092,145557,926572,828864,273081,481704,640782,814740,863799,321913,128734,389409,903891,895928,697754,927519,618578,254313,93057,611509,567634,748836,65657,756187,100508,621281,818304,981834,748930,89078,838856,408947,405683,504737,607739,730223,852732,459039,891639,590516,797641,660328,99040,223806,843644,124156,792087,506111,846238,455451,345367,499021,848704,391464,296462,94165,165671,854420,817037,664738,643318,13355,895437,864546,715148,554945,773283,75237,888113,393994,156142,329572,362767,902880,624854,135272,872125,904114,576555,677507,176565,412872,280707,240283,611471,782120,973292,789629,109815,399805,245921,331316,50166,657863,563397,297454,632824,835553,880191,452614,181660,128010,874706,939768,12787,660652,191684,420184,33971,998815,677459,803557,379094,464261,45746,668853,975298,813014,434108,537551,677361,23582,1207,968527,552918,71214,968710,194572,998108,764787,930636,455999,71239,228375,452392,515183,243833,316673,585605,456332,354840,621218,397662,801239,869942,406150,314973,162686,909830,579453,933764,804817,139048,486804,570125,487464,516854,366982,923259,817444,215871,748631,380919,623690,614817,152956,837992,626697,269953,276463,879674,466454,279837,710511,380789,81117,127531,840495,447085,482737,855513,83727,865743,17235,788307,301146,975489,639857,570160,387902,147042,638180,692039,97887,137519,244976,674813,819127,456035,322625,626496,78216,614490,364067,362770,205364,751311,598972,656801,403950,613293,800547,993556,820355,812409,205623,173605,612759,599228,295634,203995,33558,152140,541098,676813,942435,327238,322791,660130,621454,986566,527468,550164,527303,704482,875202,383999,411242,286415,88816,975018,40773,100057,249450,182151,608842,110401,129677,408004,970867,699349,197960,998031,730860,26029,269770,4346,220910,586093,852120,696895,870726,387427,627428,608235,870844,426752,737144,394802,203328,322943,287319,817675,597422,960273,868827,792789,865627,802605,469933,179230,99990,910628,482415,320060,995529,108501,616524,954758,262914,598042,207435,574732,761131,876002,238512,120292,692286,698424,687365,556610,893421,987594,617299,621996,483052,696078,764602,325139,265810,807814,840080,715249,506381,555657,927844,31642,593819,357455,558145,304199,762580,399044,331648,815849,246266,889163,434946,364910,816204,804096,999286,447148,197940,559884,44655,746697,321595,287435,807543,246923,841014,728168,811997,110382,669196,708129,969886,442232,120892,956060,739828,507591,129069,570582,487671,20957,688653,567953,473800,660163,150990,622052,972878,738967,60902,132906,494454,215189,517630,732600,806406,885971,873324,393124,111632,493755,990763,863756,387666,221815,343513,872291,914669,658122,425327,673196,306501,975679,928156,987912,677137,548241,327845,772215,629099,787542,683782,481169,729059,990350,895362,326344,22994,493504,759840,699380,557837,496028,945292,728613,802842,110585,110668,527757,558289,79302,711291,435631,782375,16394,679821,279704,583145,720543,349318,667092,57261,546030,401185,377509,179101,94584,819580,417626,11145,485966,636018,11387,509584,131020,713544,333078,103903,425179,791979,841010,945306,299472,319525,394447,838634,134068,143696,204258,107954,212430,74471,314592,503989,819565,440065,741883,851520,527015,42979,478850,776268,921218,297800,960036,378006,57704,429567,222445,698004,628295,403321,92430,319479,879100,947846,561874,511955,255342,228276,165560,31063,352098,285815,163996,449676,261060,215673,307001,310815,563346,9386,920159,763294,81895,349770,989,850886,909858,3866,305409,840070,844364,445620,526629,12035,127872,823080,760106,255695,79791,594610,855671,873828,341762,337048,883160,962481,56903,447994,308018,300674,920436,230100,792610,831932,754767,482917,49506,661746,565162,198336,793939,166636,67534,509082,487483,188501,372104,905425,645327,981685,746193,963492,618670,305437,158760,966774,93089,864238,952221,407873,907393,514933,495917,428964,388880,28902,328723,509075,855713,230087,189925,605381,362473,645309,544983,449591,368372,393781,254431,389561,515557,442139,50573,506771,479233,850736,141376,877351,287888,542730,992286,851010,666472,727156,362575,232164,317218,442514,685907,344116,530966,572437,493311,76523,15874,744700,420576,575488,876588,35555,259372,965547,786570,580343,21838,645346,818913,937949,153864,165561,872700,38615,757528,454742,159379,416468,410752,109500,596720,746761,445303,404917,372542,915284,858078,226340,524385,831446,484856,248109,271127,630051,618817,156771,903876,785806,855442,870180,967256,692389,75659,548828,237647,285564,341930,757969,462880,840761,135881,265609,764027,150823,699900,739622,239109,160991,94475,256216,476943,47885,488223,568723,454670,785236,562187,651703,822363,818431,179738,639981,921539,448657,995244,531877,499125,530046,285952,700944,649752,806314,733281,649425,308113,314615,424584,151140,900241,745776,24772,57063,795505,665115,295273,693280,970060,575297,393548,204352,38297,593689,181265,303375,494330,836783,564715,159621,362417,558614,749637,648308,21800,80791,460190,309220,421319,113753,265413,22914,250506,258911,566722,180382,856099,883978,571209,98057,937304,354363,915307,887080,870383,397254,224337,987581,797240,186361,944277,442280,176219,890529,763060,10744,543073,770088,519871,746063,737393,275226,182283,484651,412095,172475,641368,989987,623857,38619,162517,602004,120850,309841,794792,830659,5840,159919,689867,164320,104526,752617,33376,26464,825699,783029,463784,872141,618730,598586,65334,10144,230889,900827,675175,695765,75580,108094,338225,187745,661565,990723,135053,559624,846560,829050,302110,220706,282588,289633,460290,741662,981651,744726,110086,893510,133596,711433,301831,431482,864885,72071,547986,250421,44792,187270,2377,996306,42427,710120,483243,304845,287039,469733,642165,837492,225244,393018,938708,88397,153936,695723,516385,596962,494847,721434,936374,548522,354641,966509,216755,457085,214455,530024,73577,477366,109614,675985,129358,117543,468890,661907,400684,465635,676484,394000,626162,337807,155604,193201,537801,462081,192566,36394,116653,662781,806392,60740,140105,787321,253330,175547,236335,515442,521784,114622,77536,277872,151381,774652,327679,938613,854249,243098,239392,189898,332084,359441,895463,451203,304483,704490,692831,87322,619200,836667,181344,408523,970273,369332,570816,900800,131450,57982,529774,423806,26043,139013,402853,801778,195661,847867,494858,39420,93724,51859,854327,868592,458543,473282,785848,878890,224752,980243,321850,793703,147339,199765,112057,970203,580156,367185,251045,391961,483099,980870,729898,474607,890221,354324,564788,442055,728210,215550,120176,975117,461565,636159,841258,15396,322663,906565,383983,799643,777836,939275,426470,607399,955556,838261,304800,320050,715406,536357,829579,532062,299940,289134,522127,462507,139842,652225,3395,159376,705746,438468,930742,619518,698532,778832,417987,22760,879701,86154,676652,96355,46812,918477,517530,525545,626725,626986,213640,18162,310935,45212,244453,885723,729239,65599,929151,134519,762905,495353,649019,60101,735706,994381,583294,612681,982992,913770,199395,580800,907322,299655,644872,915213,557468,917259,457805,962496,110151,340451,479511,769668,122433,411729,921871,111743,980172,704970,602825,566830,735431,576040,445490,565318,241889,807494,483844,879381,772604,372205,860035,245604,515127,199503,29719,89938,404877,1717,368048,499910,957075,663312,803995,506748,910962,97758,189108,154585,353128,865155,140570,440845,507514,877249,730269,390703,726814,111503,874555,459898,956156,714928,867524,697868,700631,240832,757039,419638,946913,526967,985183,270598,537578,708529,857324,440094,889067,331651,807530,573954,383672,311583,563699,560930,144455,521906,192681,329123,811279,782422,93760,759982,49820,464094,267249,547386,830542,738660,962953,247224,552343,42417,335967,191995,975328,73313,569598,841646,451978,62526,995368,615242,760279,609964,207706,365424,249702,766824,995242,19926,485180,468604,508718,191447,872316,801395,46659,277652,55381,960631,100627,742886,521974,5301,411271,130518,757684,456417,776146,400497,614046,646791,331030,969016,821351,258516,178805,773767,151831,276101,965649,15575,862967,632363,403842,655838,951560,717204,816213,686241,840707,527309,391266,457936,257142,621593,236872,964308,749085,277714,971140,785464,972028,588062,57548,828045,77642,611893,647311,474496,93013,317792,620842,640158,735599,342358,227259,222877,676536,380641,557319,509019,214229,238540,153090,495322,230843,455127,599574,437858,112687,163541,241354,952886,728251,598027,153329,814420,624873,177849,466671,398648,688062,788612,857268,713178,851558,719736,115363,364220,796481,933056,544109,266037,463587,441542,535525,480846,147153,210937,731971,861013,640054,372834,594907,303244,738766,783698,713748,720523,453759,413095,32475,523940,887672,299879,43521,77213,696537,225600,455896,296623,222743,279249,522531,300895,912844,179779,716012,938294,519463,379316,233335,245882,677629,130857,365550,515429,376544,565348,927491,479879,152342,12305,907832,703088,673767,93455,757660,568270,203572,966162,747962,509324,37860,856722,809289,147152,265626,462409,1506,980416,589385,557371,545972,239496,974804,96113,862179,891549,603155,952565,671213,828018,220605,778486,490960,295658,706160,752598,331928,588669,601172,805707,543279,121919,990281,264980,144398,238082,95508,722788,430459,145668,881952,7146,321273,536972,298771,378255,474876,325228,858058,761739,928544,735585,284200,994318,536391,562956,640957,7527,383928,493821,54555,953257,831462,657861,659689,321743,627417,144772,669166,276939,151047,423696,156824,427147,581024,977997,675842,397129,954214,670230,248605,679678,184311,239492,873735,185827,581053,620421,311871,739250,886134,954019,247716,660101,125871,99479,814584,619764,341761,779100,654284,739793,508103,501452,945445,386256,86998,127044,504146,933192,166965,492592,615816,686297,206112,704223,534897,242712,49354,469800,410611,147048,988552,477437,625237,608802,404330,690856,860104,104701,380322,842877,432755,855054,501170,852556,584092,89834,891615,36168,454888,366264,772867,190421,170194,285609,897913,989538,298508,983085,722101,430011,724783,694344,68724,859200,743782,981389,986717,821029,451927,327014,715874,915747,370920,152524,78695,831380,853154,569771,589757,197430,253597,219821,75523,447271,364934,838548,450504,593513,407048,213258,127629,464774,385727,269115,404704,57379,801002,281194,369658,634508,367797,700262,204204,925801,484556,89861,78699,75671,609899,590223,633557,267944,273660,342462,67169,946432,147128,119560,972664,340573,9054,379416,963473,142463,794877,918024,712051,619062,862895,188252,62564,245910,464230,414416,778101,250028,382716,346675,96528,784127,88223,202180,553858,292376,868492,747234,20307,269997,215916,449599,619707,986868,502604,760020,96594,820557,217361,658715,257016,472170,282035,97068,63752,696596,864035,492032,538293,929169,130282,613588,86696,18706,528061,351251,735308,255433,215419,427701,590449,911156,680022,872926,35384,308219,40425,846074,54308,439124,619305,112397,364053,125899,760148,983413,240703,865642,600618,360236,747149,936330,744123,50068,430744,746456,518561,327180,807282,881659,841070,386748,268244,254967,341379,781745,414160,630521,474007,925206,767363,852942,106430,935974,469872,655863,545703,344360,491983,137913,753441,168824,996136,108119,120146,705231,877316,864522,987167,986747,841347,702119,140010,380119,672150,51544,800916,791530,63235,440927,707264,175904,641887,559263,967136,493922,350431,829398,80172,61291,905754,997706,446479,531972,591159,620445,115950,950995,37091,196184,524673,415757,437417,903907,538641,700863,218361,992939,738451,9115,252297,72391,648423,94661,168891,923978,119107,651657,135193,379714,162555,392368,59330,777226,428830,431111,638892,842675,846515,865226,309117,716199,557747,777750,501790,91423,171962,8652,56692,208280,790395,823173,210730,134970,523792,529506,679341,54703,128694,529329,416512,840126,116906,97550,706765,285034,964744,794626,664871,681119,699354,95004,29778,968846,690800,357770,706286,451106,997827,432406,944342,644921,57024,378941,136556,559878,466826,300702,467382,731480,87455,953158,112243,3429,707366,800463,662955,249824,222909,366819,806269,472204,403440,436584,258030,452639,768724,205234,868572,344714,559061,718503,354268,750452,867846,720350,152862,975684,523439,728778,273361,896423,541554,524102,75707,979864,361921,936209,930590,545014,575108,573906,355676,561322,433580,225995,475882,274991,641599,407324,700513,670219,593818,673438,951661,263933,347648,90710,259924,206542,60766,533353,792871,929024,467055,737183,578263,343842,983257,33754,480960,900381,355083,390977,50273,626317,486407,591390,393890,658534,722282,117850,843145,811256,207236,482253,604816,465471,658684,985525,979089,112235,569277,55175,650072,495271,351637,154036,495270,634111,473024,635395,746382,498956,610296,701018,757668,984505,887322,567464,498695,923872,751927,772016,435226,407257,612417,848404,690967,185791,648811,578432,2454,501379,308925,678887,114243,648226,980201,265806,97896,588059,640325,921872,754426,543646,40016,495154,65939,831621,540161,169683,171483,407126,1253,16073,450403,384684,170191,219340,496624,509892,960503,480519,71330,408269,869709,793949,110070,301125,237294,132402,7143,693023,284734,860576,971541,100596,65186,451877,72327,752953,585765,372006,1045,332519,816903,636452,169828,542478,572564,333086,669909,157999,815920,557043,306172,433288,227615,927790,142240,912937,711473,41488,821793,453044,313406,569947,918870,17063,609399,857203,115911,329232,556283,872242,307004,751670,747691,203182,38807,291343,505859,962772,212535,984097,747583,12857,527500,803562,976456,513581,607317,538913,216411,743950,600519,477408,997434,31045,361647,204557,797224,299351,677368,676047,395556,82663,713496,838986,538493,160793,621118,981100,765464,169501,370213,755190,68592,515998,958788,684012,495829,484546,637368,326050,988325,257821,562826,694207,915065,596351,8152,145737,849260,961583,953149,542415,820355,27166,323834,588383,944601,341432,849652,226623,913069,317293,555011,118658,480717,607,927722,962945,730502,418084,892235,772514,195643,237996,827606,591278,79214,708388,639617,8687,608674,121042,560940,403543,458323,613175,630743,453823,853749,262942,606929,372036,306463,139044,319795,533855,86190,631012,517820,963268,458059,539112,892746,234038,83755,881358,699228,256670,735875,763657,411014,339837,926096,986607,117059,227821,203998,468450,232485,338837,880000,953478,383329,202083,317791,402852,275178,591073,156247,494641,923014,358074,986437,793656,484633,102631,543521,822057,702759,720062,416881,177757,221177,811216,431650,166012,271812,565301,510852,14975,558821,850876,576504,282299,54607,412271,4101,846449,605681,31096,501897,306490,687089,444301,365294,220538,629845,136199,157742,444062,450376,855854,950335,601006,886468,551678,105905,532667,9333,607477,920476,538853,583408,19334,812250,876823,302098,296839,595968,127965,83042,600731,69122,999569,331633,926956,49901,236680,169740,872016,750036,197908,922292,313564,118502,241308,461675,30913,327937,825606,792419,529274,836099,255651,515664,230359,464915,673593,475813,986069,543204,904541,341794,983266,846082,799609,559297,774367,924027,815041,19468,940085,197578,335788,276792,174901,362727,921727,154631,418047,641323,379048,662342,610693,608890,972622,976878,655021,608328,837849,977112,432804,506972,654030,712380,421723,931019,443362,519776,317053,747006,270030,568365,318527,721463,122520,469792,560204,350895,104079,592416,948404,831317,480799,966800,150279,920992,662255,153252,246245,986887,459536,602609,790271,570262,217814,827546,317810,916752,747717,745421,858095,165242,418445,406636,534462,129713,721690,170854,411092,871452,188106,188980,845894,939835,602219,705974,313234,641218,469604,929724,897010,897904,83995,752917,158461,906565,992104,548875,921217,981871,790157,437818,623577,376048,917265,357916,990914,490666,255495,92482,54533,638013,112081,730189,426540,599610,305474,516223,610554,486231,700729,7616,792148,746157,59899,191826,201135,896904,667600,642,137289,288485,29459,776660,358680,985089,941526,932818,3029,975756,333027,596905,194262,153883,786974,614667,467177,972668,338265,823569,803297,245079,244403,25354,553860,25207,390157,931882,470216,728655,758682,937357,940731,259999,769861,10058,212248,777705,388265,635139,944270,277281,160833,744665,463184,713819,349600,26962,616735,967048,434976,513069,422805,552885,202793,513974,15787,963069,814278,521567,697276,433392,592134,928780,85984,65394,711034,552415,495593,504379,796740,995188,436361,552162,488459,427710,927589,64088,435208,528429,15816,242457,31037,133229,108102,345692,594046,527799,690513,463605,359925,699623,240612,996361,647409,475206,850309,35710,284720,818809,638175,384608,109090,406986,475506,99774,162956,588434,493451,422997,403213,436039,719300,743627,328430,417713,512968,4034,686361,53845,183921,578108,801759,505490,260681,510403,329875,291159,942641,44477,399370,685738,599861,301674,482732,594846,292133,985067,355464,627792,669444,602960,259929,936590,830454,713842,656512,533159,832713,648271,697891,369788,338022,703968,878523,726401,602135,482158,611308,386319,76302,342702,211117,795665,299450,982721,271379,482821,133929,655654,332832,447883,594238,573248,391915,12428,973275,912752,433330,38052,369325,509416,110506,256791,84904,860717,405464,713948,501720,144726,89404,516913,627831,951535,461270,12769,32808,413154,634920,535939,140656,731960,974330,379437,49338,715321,890705,379981,162931,242247,396238,923297,610908,840375,898097,188730,550309,510035,492145,405181,905044,831860,969291,935722,370786,899628,535008,435833,716877,12842,254998,365447,201594,580842,575770,64687,259055,378391,635529,654664,226340,742788,760431,342838,774557,201872,195175,530430,135114,541461,707357,362017,843766,175839,784309,310490,759643,213244,219900,499472,603789,990471,86600,804014,152201,612987,744283,433911,424478,723703,486651,357772,9584,266959,930603,471745,510582,781866,718901,332217,23634,82944,766386,945644,138417,590301,437848,93710,569716,254172,204688,608418,884826,348151,8360,416998,252432,606312,209932,710371,173129,954584,619146,193564,757787,863387,825042,599281,554948,114966,33602,257031,508795,888233,190790,271607,801876,803438,87357,564908,208175,451822,293613,151266,944215,616089,119882,869357,103503,655496,208044,670075,321988,944906,963355,339270,326004,133764,332482,344363,813803,746685,938939,890921,865333,781810,739778,33823,764973,950001,90367,86616,557016,385972,800147,344318,736966,65848,162123,862964,621789,859459,736866,193376,237846,431848,124365,325911,62592,68665,774378,307303,652557,424609,915561,579291,339797,682177,197272,232071,1370,387888,381017,483219,274019,820488,602566,926285,446982,663434,919187,598397,677144,871821,231253,556371,915713,638906,376977,710418,252251,30637,18249,643456,743455,621132,450020,330958,90147,266829,22463,667012,991319,408286,487378,597521,693962,201676,689382,656842,110232,225288,387065,315368,728422,939255,650614,923189,474148,138351,332668,552741,762065,944714,378111,575863,992757,87956,156815,648587,784196,86255,405799,523663,940695,407571,175561,85196,239507,679254,208772,799761,148370,406011,398187,727560,430554,201306,659876,151752,281373,978537,308508,292231,343847,589310,12549,817569,831186,593021,938370,955298,526826,520834,898443,221792,437897,4704,131549,392089,122741,8008,704841,251777,356853,864374,93207,298749,736375,141190,283239,974024,821177,348466,300909,792844,123156,523528,572492,216948,854861,916660,809724,285445,875648,558984,814174,607459,82423,768923,403274,630748,856287,121843,692445,343795,687953,954871,451426,6442,65248,915721,652721,919026,528357,166789,692584,568180,615917,40070,285767,361507,471263,558770,172290,834813,919176,589874,36931,928853,241803,833538,934041,589308,849055,578026,906257,328735,961874,869726,119314,149012,838594,756453,412189,228221,140074,203541,644034,831377,149214,825881,706985,748302,668223,138610,958754,306422,361758,172736,324286,517491,369269,848697,793892,661193,40596,496153,407539,360443,368467,546460,966836,638673,175399,901271,802094,857372,70791,886776,419376,630285,177707,150865,29621,435192,790848,526548,784392,81677,501865,792680,361626,465039,475260,350067,611988,567661,47302,487786,929951,828456,620158,672384,528509,596009,255835,394528,718446,311150,121611,161925,221703,600582,790448,486739,46216,152546,761574,843959,132644,117899,469413,344073,298121,474005,523205,286099,202010,68876,676767,526633,167509,413388,160388,552488,811028,734018,898027,194521,5314,506344,719437,109807,382167,278575,952840,635123,834103,958258,893751,547533,204014,702909,717591,173087,22179,127873,564739,960580,166110,742661,877793,753697,165980,348196,980885,22554,902156,488422,866948,557495,912167,578758,425972,211166,616494,611991,38521,111463,414873,683091,951641,497471,731293,77770,976029,196892,154832,700530,716112,222130,78591,946717,289369,79330,524801,471946,963212,685260,631290,271859,387463,104558,314540,668823,484906,616650,889634,707451,370313,126135,647983,615597,829053,785953,552217,577871,403643,578787,207765,143742,650922,869131,42425,364841,890928,337505,371529,73006,884183,798148,453359,481242,152033,448140,577481,619218,487836,640360,893907,928379,541619,878920,100146,566858,415972,901337,696413,52332,720756,110861,842568,496055,343355,856537,231984,204991,98880,421193,537789,404256,153040,78148,73405,302761,783607,560021,906503,626289,827619,797671,703205,191689,669235,920398,838159,246917,698360,805075,420090,681169,201730,303588,469906,948214,481284,932094,254915,540641,483544,240297,951150,330759,45283,882300,131603,328849,651442,819169,795380,411104,131172,538307,492340,538536,513977,558479,12632,515823,186048,136229,147992,98285,599911,116500,938951,878807,435478,413346,928211,921156,511737,494071,656275,456636,19168,794716,597206,992875,563293,545741,364206,828368,570900,362566,632460,163346,726885,24244,629781,555557,955165,729497,392923,515269,984947,356941,966397,563934,315954,39801,17901,981785,497019,102007,542927,629537,932866,431835,820263,460121,313895,305951,495094,433181,5039,41046,909107,529077,47798,220660,803718,580807,277943,817141,829278,368118,307463,59961,948158,200028,270048,181280,91832,334376,624856,801726,735220,113050,441450,962593,864419,867029,854170,652255,623815,525197,525101,654048,337438,45325,621010,985643,321394,733092,730971,376271,938723,489187,354238,542038,697473,702370,358928,958108,3802,510630,285167,486204,894162,723526,925900,537148,329302,376475,818171,385442,939403,924447,572092,278775,915590,21887,222029,68516,609041,894233,152706,963384,279484,634517,632029,215629,320086,929202,397735,506090,633582,408560,827033,409584,401898,162576,433865,948527,780154,190401,954243,370203,924933,267185,135278,848913,60655,705514,821184,392203,653676,245457,889579,501654,448625,779224,815375,779289,592700,569979,490184,658935,888487,348656,69041,277876,761383,121434,904713,683378,244598,288459,924265,167770,855862,251393,109198,819567,162690,468765,787139,44338,997394,640299,632542,787297,611288,237804,646111,768008,824399,348483,57272,177568,267527,687221,67653,501806,380488,829976,51422,215289,83843,504684,467085,380395,360092,15744,602544,840432,2499,997441,476923,486777,848651,463480,663478,528168,884457,624731,536678,256928,761434,417448,634695,731904,170591,442206,720744,209796,951166,385715,691948,501954,262956,278603,656881,239439,477801,343089,705863,979961,210336,79464,69517,240751,956664,643638,920547,952736,68997,644435,169390,720214,282846,284086,35258,416605,786819,872303,760749,322665,192163,825607,739148,32063,648706,951307,767776,60371,276676,340438,509208,74517,102296,588063,161854,697077,180843,107801,984010,674113,540237,711061,388457,801656,370964,530349,598768,994974,567728,699526,989602,367342,148005,229396,118333,23704,905404,474728,128549,495573,284053,420056,663823,316581,588245,880638,192133,77368,148312,843815,34718,539420,234159,318605,850671,104525,329445,862403,352122,243778,116816,784384,559819,853525,313997,902435,888618,224154,200665,776452,735227,907010,783708,828489,416159,210686,479614,489722,229560,636213,373448,20979,875981,311786,406681,341205,980414,1581,504802,785332,370586,37965,387870,543623,197418,117957,117820,742726,769500,804297,169260,611035,608596,119430,603620,193138,365836,137317,391855,165698,224947,267937,659150,360370,177517,152548,416939,732798,87250,697850,851649,597449,554159,407994,670248,455937,437269,161436,627840,149024,242706,441967,597315,266730,557195,443122,663293,257034,729062,336667,541973,74900,509367,748763,584132,963798,644058,959828,95449,792424,530765,864853,504253,387128,119354,771014,400483,250616,498615,156283,635676,283386,110899,170102,366471,328866,830814,411780,117784,720919,852188,809154,988434,837868,784461,723951,539377,342923,433777,523122,172118,276620,755903,679256,475095,636675,405,772574,118508,476068,648355,586160,896640,312871,728564,469774,534106,610411,687308,925445,373593,504623,880162,536864,204793,113356,15741,47054,305088,600208,900406,542901,547515,932330,65879,992303,835776,133788,949435,219650,312026,160617,761751,565594,82077,939991,250580,203578,702667,265545,990275,756116,957750,265371,882083,543736,766214,975095,413677,744773,27019,626259,474994,842985,924457,400966,382814,639080,390432,525628,319294,987656,2188,793854,232079,824853,825114,624595,905032,686489,278455,656754,966327,734087,510162,11615,672197,699048,835690,160169,530418,933577,887733,682124,190710,867524,438787,116979,788944,168171,298005,596758,527198,851931,706624,757803,975617,589817,155616,34549,320446,589748,251327,73602,374763,304869,200313,849240,504145,801423,704867,853664,663356,519952,973300,51696,381567,501225,390200,238907,17220,148249,574556,341135,638239,705442,425769,381283,546264,65280,687836,287335,238385,45988,784657,835850,417965,838660,353804,778202,417865,474339,814240,628574,589559,64177,252652,98972,199705,758563,848698,919354,283149,422580,717543,841667,724810,224806,858253,629445,785408,856740,575387,545708,728495,965665,505146,882287,378867,843816,330026,106098,764447,708921,63901,24782,710746,360123,334225,333142,881539,327347,700057,560355,320192,175851,144381,220375,248291,700823,929588,559492,493610,866280,919791,872534,293067,731623,303071,732137,947865,504358,838148,747469,372026,932442,160146,456034,302401,352800,299016,799027,185661,282658,724218,103984,802573,771637,918373,310386,893089,461872,906309,844966,505132,531913,253335,949704,9221,823066,29479,330502,457145,988743,907812,396300,373438,196169,915551,771385,961755,272563,38286,46221,635317,574092,605287,430679,670858,143314,31629,660540,681822,737899,543283,28073,68472,426661,743531,917576,87243,306008,133505,881170,425067,502833,61751,423419,913576,395079,419817,665577,195907,854607,106137,419309,939099,41723,935863,306123,34918,557312,901458,650242,405366,482724,735553,128616,459841,190071,836474,261618,668993,507868,284542,919138,532894,377357,237605,125903,220721,739588,439900,85044,160318,243053,981166,174109,370900,895046,364662,55095,684115,62207,854705,569989,292992,136552,447309,926820,29687,120389,106160,979834,809576,291456,913698,470873,751349,930016,557569,968176,916942,600955,368138,386091,714327,419820,509272,670281,522463,740798,336590,129282,283545,818884,173513,63365,136923,917791,299612,557264,957550,317829,131207,919101,301866,865778,864601,366953,806878,835578,209599,509550,666451,554336,417730,293038,4940,197768,576204,933411,167160,395160,825160,615548,507826,32776,128778,318163,119099,396630,767876,313231,443326,666768,234023,845340,909736,835729,651807,449884,562941,952274,408254,917705,491083,191889,524913,42833,749995,112617,988533,509108,40543,407654,206334,244654,36658,514075,127647,958239,359172,907932,252540,805117,127782,821403,169971,412788,126284,525425,570884,169768,7915,519429,344552,949348,989297,132269,763617,740734,391506,941728,694110,361712,423664,665916,17795,53454,447084,319393,468365,49777,122822,334668,350779,484518,347359,493809,794367,88106,926684,535578,544165,810947,255870,427490,172983,129939,862335,647627,9250,336300,950674,254863,544754,66950,778626,298570,937218,196851,583386,331157,149925,174133,831563,660683,320076,932554,687191,903180,709948,742007,529020,988667,94917,552371,715190,701898,600353,468095,53795,188324,346396,100500,911608,72983,285441,163169,241463,400417,752691,816473,40409,38664,865004,127619,4950,726328,604096,61854,207171,881009,734203,190648,523863,63909,269258,357829,988764,482780,220308,160391,848868,345714,14498,814634,118107,573093,986224,615726,752206,55429,176852,6357,118058,930851,245907,985881,211768,632380,530772,519126,668994,640474,984357,186247,232860,112096,773565,903591,711650,627450,477413,851015,267167,737028,879980,844171,950767,779350,895778,766594,421528,375512,762975,888063,469438,799936,974148,159944,846261,860700,294210,267654,836760,245992,413345,479336,932844,679985,941540,760280,301916,746614,255385,899858,812745,951240,822786,522543,377943,238242,528303,631099,284973,76999,240590,658564,731980,76114,998166,756377,399026,10610,26237,274515,510412,786545,200081,716011,814811,80515,421599,414493,648530,323534,344425,856371,81384,681959,918325,691381,653395,599952,690862,614689,499897,64559,603032,765277,924361,292787,780679,245092,770392,907077,794589,944086,107127,395649,417373,568158,26722,751039,649267,641496,938638,640256,753998,448419,637549,380585,734378,138763,164652,767862,121168,577038,482985,471133,543118,420689,324751,695863,652292,581954,692334,571869,243941,677138,355617,284245,667337,258896,105151,986183,203410,178756,131493,214004,499057,617304,766322,200234,567867,222148,183693,177069,931293,436122,612376,294348,842825,608806,261113,224294,964644,521978,81484,289686,238423,984834,787068,504039,526814,271403,476153,233631,434728,348130,788657,897571,861879,945739,225421,549703,940224,174403,956489,694917,124303,650313,329802,463028,793889,605074,491017,666773,725073,580321,925404,830581,863484,173352,959410,835528,690990,963464,545064,162063,972667,13109,476252,254277,145777,719831,803414,933383,972049,134271,128206,874318,248702,363328,422280,353136,564868,203576,787883,450635,149243,804564,646673,48940,605450,732280,341568,849894,931588,312259,866634,768276,863334,949933,893660,361851,683228,95355,951932,382579,448694,165447,521537,183035,829946,466728,813186,427906,44504,202001,564023,158443,785313,260744,340673,349809,817298,461202,387330,700541,640169,75390,194630,144521,398605,380364,317377,107121,431718,832528,788219,320658,31915,141381,899646,811378,107440,472538,784582,436311,729475,902160,914902,151480,356037,89031,964852,401830,469551,341221,519679,553476,908902,251185,186419,511822,216206,514151,237603,118658,986020,893758,563319,284952,212509,137730,733984,32861,559856,104072,455123,843294,283622,752734,24303,506157,97124,614625,733626,668489,295068,214075,491555,795451,643396,809659,365583,629109,748920,278406,694680,922476,395058,848911,381502,340564,214740,283856,123756,650266,906614,541008,869891,587710,342691,523452,799128,224453,290590,34067,307073,748137,154460,81343,345811,603638,812699,82116,993533,724794,434425,639367,487818,991556,245930,306246,961347,965257,345474,654099,330632,736484,171345,226387,369055,117514,392300,933778,237829,253253,240265,8992,540809,858314,618072,696086,816677,993765,296438,972770,405509,111550,731492,666750,504243,688336,564110,705171,362730,216145,749004,624513,402624,249272,540567,938020,880854,23439,786039,5459,487732,422719,664638,658394,934213,493120,494523,638002,789433,630695,755620,171040,893047,331885,459358,206587,907603,104819,302749,751213,993867,20532,840011,702592,758447,369599,551508,586366,788461,668979,380506,958781,7855,808239,536104,131511,818557,295246,39457,157689,736264,397945,838563,116649,104979,271817,673266,839324,565032,968124,834196,733830,468219,675649,362847,570527,131716,242826,528513,185919,304634,480329,26018,804570,983243,947315,314526,277595,642660,374856,448248,961487,867021,136113,496235,464915,385744,385647,476418,489466,829113,17078,996375,928944,731259,449440,140212,559825,168591,728805,167893,469196,858032,66295,839753,950370,920604,106204,435563,862811,40331,112708,904108,252139,399256,107494,461144,404026,516781,119983,936292,628136,82327,767761,348213,282735,270507,898717,35833,473034,885638,831018,774148,865012,711824,907059,127036,386311,890968,840951,795653,653068,736234,640133,904243,510549,527397,152070,132161,588746,816534,167204,504604,853480,844478,674249,569647,621453,539918,951801,980451,301942,325334,696858,149902,201529,527770,475439,879361,359016,290205,825651,182548,127942,454518,391827,589906,818522,860625,466326,137424,917189,897984,873213,338453,726299,262339,933280,175083,590101,959526,839880,862836,533556,791259,822946,907635,797039,938731,978677,903793,973521,381263,504692,744250,390438,361184,647443,29211,155207,795807,883339,569227,649533,548422,448884,307119,810906,90036,853226,66460,159627,843002,497668,38206,560271,961782,937310,900216,94938,705152,86789,70547,403539,23039,131609,475596,111036,770947,229420,479058,962722,864267,532744,878446,311493,627277,977272,833167,72030,295739,822246,16489,671359,801275,202117,257354,155046,770722,897518,762702,365992,384894,98329,234894,528523,685336,99712,617137,208601,774213,66923,350705,259498,386122,940542,739807,889121,587150,391287,739718,190082,248143,604254,440929,76545,490249,25908,547961,987438,612445,54675,920431,993987,17426,905890,641931,220744,369429,326636,422197,568284,333217,426158,612251,703172,465766,938399,606921,858894,756635,259009,443641,995724,724914,733561,668171,454317,511779,566869,81875,982013,543556,310756,437182,26342,716465,240911,406338,337492,736713,303394,461691,568586,277759,258085,345092,347913,164340,640168,122305,563635,120068,617579,555025,959463,687016,993762,565566,989623,337121,744140,250757,646944,355467,970334,930773,297528,313261,540107,477925,495023,35148,966775,831536,901464,522590,73778,891048,812090,82757,707970,964991,272760,572849,201425,99798,99186,399291,218428,988851,304612,927926,803107,697978,209576,926292,188795,956665,341300,191814,683214,781686,31161,894052,134016,727871,187380,494149,832390,49307,102775,918605,402534,467823,749582,851444,638565,692167,595673,393071,336967,75899,963594,580310,370120,147240,728246,361752,942601,302868,960611,180185,441324,701040,342772,975454,203081,412613,57630,283221,445586,790593,8928,4256,201102,849389,592354,278417,569470,825965,947038,654673,130865,115925,643476,169380,373355,649242,29219,362122,888992,321031,719954,119698,201102,646976,209449,59161,264648,30885,87933,416088,857374,380378,485691,561130,767706,466508,441511,849259,635438,841545,62184,203045,582796,753981,344949,994783,193711,9929,420295,687855,338851,968138,6167,746891,301850,194219,421911,293346,93335,651235,566437,328685,893610,139200,948875,571344,26581,917691,637261,63733,424343,402844,956896,269405,6420,84774,309378,875464,317858,285608,971782,776918,923536,934183,831346,595395,346164,139953,10255,827730,132616,715590,505808,776044,331285,575712,380973,376852,699964,502560,846116,169246,789757,856194,859158,578155,652007,132584,533599,888866,590382,690924,19806,194406,819936,927722,595112,998275,845291,853780,723532,801862,581379,719571,779141,133286,936028,206088,495694,673278,46087,215052,405251,881467,760435,213560,505623,124443,718133,367322,848816,352131,596828,25955,143236,444322,429165,185888,603739,595597,209045,973384,622596,963283,84826,539365,596814,230209,205327,357392,138169,647933,329131,166199,547904,650224,686993,820493,374246,934920,890325,503205,381881,703908,171754,885873,563957,248525,770960,717381,465297,227944,405265,350737,798780,128874,342757,545556,211213,117176,264774,999659,174436,444461,327097,979195,263882,422934,682802,271226,495611,507347,64124,787698,539780,891844,227977,333318,311347,608677,599601,182889,510121,995654,648891,964683,560452,425791,155540,127149,129504,34273,985280,258367,906379,661394,313018,494444,455529,268046,633244,404316,918792,920327,978832,905884,409030,243752,597626,773180,413981,615626,210730,741789,986210,540544,3902,418477,756999,441441,673366,955579,887318,581650,391753,83496,262388,951874,831825,941980,680011,884342,349952,702526,586610,280216,726580,537856,429172,333042,721732,142828,419140,312474,208225,95928,29917,41129,197373,406632,856865,918560,789656,111144,218470,449096,24620,186643,289620,561557,939330,424571,182936,317216,463624,414650,262901,370734,698734,3276,665581,466385,809185,963530,735000,336425,532412,162056,536314,9241,601318,497976,602943,704344,900409,240948,267139,928925,228461,683424,780354,459717,284696,509763,226896,10896,485148,635676,46368,388981,39539,249593,64938,73203,462349,184251,987399,643358,946027,677105,129364,213044,13217,139407,188360,58093,890359,596443,361714,228687,83956,591664,216009,990150,808801,574551,349554,904469,91321,599746,959951,480036,536286,716934,123706,480953,974199,223583,902242,454730,619765,61712,526231,851271,35672,276990,943702,699169,417842,70764,325893,155017,798696,835873,739143,184383,365771,962453,484159,255330,727226,61546,797762,260658,480394,582668,249130,971408,410168,594785,582190,231758,78637,172551,604348,925984,177637,30241,956577,274712,859786,581662,346108,141812,861487,342098,682269,19039,385035,744493,84764,554519,245977,888326,1851,202974,536249,66527,388865,50063,258337,890427,354914,400788,115052,758606,837101,32910,107399,18363,980773,595466,364791,295555,603585,352629,973180,468271,165017,740578,66646,455246,140692,208164,590009,821097,41927,987271,93782,274641,175930,73160,915205,519548,48459,987412,338391,56504,302173,619529,661397,310192,886,512452,614457,571315,40752,568889,721724,921121,351079,889449,848384,239856,230455,506817,2773,310929,623358,848034,225576,175890,109965,375329,974001,28043,632677,526299,69161,826398,668131,919828,22965,79334,541697,939800,949887,472524,66036,406174,333240,756909,35279,380021,739190,283654,845575,475155,774857,138472,355043,862988,976725,385312,498959,549056,264308,651069,15855,331899,625153,957571,352807,825407,400961,356341,561029,401594,4262,689595,311518,213476,902330,831295,353616,591449,656300,755083,650253,237893,769008,7350,552578,530249,443433,778427,456616,632126,388000,370802,842067,795853,286139,133457,97625,618444,507691,333101,95912,873274,553056,276173,273684,231963,951009,973356,324536,72846,546460,929660,527626,26126,239882,197008,201834,391671,842975,747214,90903,957470,342021,931348,595640,856624,43810,67664,126973,159476,272676,427571,70306,309202,734883,572057,6528,999253,994451,233199,494219,29719,758514,767045,956550,732633,975774,708127,689101,436323,118461,916239,354684,369308,349891,49336,891142,713959,721437,436999,251180,825231,269585,151874,289927,585250,157747,121326,110565,332919,126806,656389,3343,914057,428873,241515,265688,779264,828771,628212,80976,775585,676162,950728,921344,560136,181114,767734,590308,399773,143276,784479,143551,878313,358456,807923,858984,506378,605553,132246,266931,400361,543946,10870,324247,403225,632435,96082,421631,28575,934339,650608,665827,876380,53937,528219,166620,210112,550790,841630,389840,231248,458373,528248,376268,993359,863382,918048,600913,974841,829827,603436,866658,956761,839451,761468,792082,310061,762227,526233,824272,71326,843341,952898,612534,206014,830916,999356,47212,660035,500856,990052,326038,692413,573457,717719,255369,537605,649349,936281,220142,772843,408132,153512,739496,579272,136009,954789,243309,7620,776037,48487,83427,151902,953880,162062,905487,257812,994548,622508,897750,551531,664024,6824,755616,189596,581031,379887,53281,755474,536137,391440,775986,82558,857585,619708,642672,632132,301265,395726,906542,82442,51241,74735,127830,533235,357004,964333,961939,175193,246416,717699,511621,560289,46962,803262,225642,257951,731877,418129,786680,292735,211580,136920,808843,383727,514512,897595,595618,42000,40527,853289,826441,525996,214223,687475,282424,475059,105016,470957,574241,158760,455380,152882,743774,509778,672093,360810,397674,184891,335578,233965,633699,332581,306391,956988,639778,302989,951185,644269,416492,611041,724425,357636,814874,382230,997736,205965,822798,253139,93070,955044,684171,289956,297192,685524,584841,31168,603135,249063,728366,555075,765428,256220,41855,477822,230604,295729,578176,495172,79427,389903,328180,252414,400712,896007,731112,919821,769624,491092,830542,645026,716218,497182,553043,659049,794277,53361,412767,815135,742802,320005,131025,974573,139641,853285,506268,605625,943545,715427,273357,590249,7520,151909,752484,350937,895314,500171,377548,813677,454137,934545,175054,76129,178858,30387,499488,384040,148908,698509,164101,433567,862690,521241,722135,94478,229934,514429,116831,133846,144274,440597,672211,558758,861665,941554,536398,661930,457369,12277,530250,484572,617516,852914,746730,142224,282567,283423,5756,683824,304140,305271,49197,99081,643931,835753,543767,434281,997199,324369,983580,243168,607237,863236,186127,58432,425082,417097,535313,343627,517865,60136,645329,740829,449897,651851,935264,278458,722410,804166,320242,801240,273135,913608,750145,470959,672111,929283,210627,122754,786361,957331,679765,486542,855427,895949,632360,835263,49888,999041,906380,426195,106253,142250,58470,259092,434739,247240,290274,932382,189068,341339,70027,400268,230021,697804,693618,802722,20162,287172,128161,325081,412439,893305,444376,564553,651899,357568,672098,857583,278611,278809,848042,538006,743138,351736,908758,793611,270525,2785,190654,196589,534202,261361,130276,153397,42474,287298,127970,792775,473481,431298,468719,868908,495924,446441,24007,618239,139441,381823,427298,568556,802522,108865,704516,532364,600397,874700,450576,607773,570412,165482,606969,197879,552830,731990,917798,481165,777828,718247,293703,63151,917503,240052,985999,838644,575117,972071,88608,607300,742075,532470,203188,161580,327963,945930,315646,583221,675777,594525,471555,51680,339103,318745,619587,364598,927676,409390,461713,618749,412859,428126,514808,997761,439071,709106,748351,66695,546513,63936,29635,715151,877067,343587,634489,72709,263921,648861,994918,282543,930582,948219,515779,972759,735099,754262,285846,43013,890547,545797,859430,707957,269061,5141,90088,250205,698653,935210,720708,229900,81334,245237,32963,713959,364632,302374,711298,498834,244217,923439,125764,165161,371071,263359,316371,625165,283537,764875,539407,350479,969568,937721,518990,338768,969255,236218,492244,201922,108300,116924,616482,639154,909087,96514,718042,784760,730263,660435,498121,737376,95042,999146,655662,666592,343319,704079,109923,505853,84795,106885,715012,132358,362805,552076,895931,331293,507242,146392,856025,490816,693666,999392,721869,619788,506125,112500,996703,732093,976305,240284,322493,557259,610758,809595,645471,543061,181542,442853,268636,74842,504352,236561,906840,863997,764215,800050,115637,799087,269736,138450,268465,726333,821283,738208,796622,509551,647488,197775,400922,853776,289667,97825,768870,577220,294550,921313,151802,28907,825357,340727,888719,624938,136299,481446,482317,124792,158145,426303,300173,196354,785441,395988,965720,437110,178524,328955,121925,149504,333710,21094,204239,469949,350795,404975,29928,176912,335699,130771,810575,112230,692684,46661,17299,529065,105063,344328,714622,866436,423012,407127,413795,231548,950256,363292,635435,435790,866979,693649,173156,38142,269497,173674,306290,695835,309660,795879,664589,950247,88905,115192,431079,79487,431880,692708,80505,958157,622716,317816,320403,284263,881578,310038,175570,785984,819630,903605,845376,421081,708360,40960,333461,787969,567691,537046,464762,574547,664997,381434,840833,808269,604240,736493,315963,633355,324711,641199,890383,469559,874310,932351,512548,672684,870426,396184,760225,485401,411995,214379,703394,587786,937630,805442,60117,160455,739809,650801,675607,152283,919107,579409,459113,193391,789712,1267,3720,347331,2247,409095,403403,856542,362796,820783,692868,333283,909323,312793,719364,346472,574021,347474,597426,367416,144680,217399,954375,654326,829703,274487,507375,308428,917871,956118,389555,836099,817823,157008,674470,12824,840853,696596,257342,46710,479624,535573,345697,613016,598799,196522,505217,471334,604932,882593,557920,794044,578392,765501,60839,711071,558202,725699,205099,887498,804684,627572,213349,288137,998315,140891,253649,175763,713664,284660,803462,755526,204388,105116,772807,804559,222363,362470,608578,672987,590232,986457,932682,565935,226525,406150,128340,390410,243318,931775,709329,139237,601452,282629,193151,710915,861965,7901,508626,801799,49076,563676,558806,87304,195664,308929,303227,760269,307515,313223,257667,571868,558294,771687,822198,797813,263422,818964,931361,957540,580339,578852,643,142193,57832,831309,86746,533917,830844,351747,851998,124028,927860,76487,111231,150272,683391,746410,17784,638222,779684,871867,964807,641306,573388,326413,825208,969059,822743,247769,703212,547992,953814,167730,853364,524205,754383,234353,334466,482306,769322,968237,734179,426170,913337,873890,112212,645895,798917,390249,572139,973375,387292,872852,796449,186749,355585,512191,347431,817473,776987,618359,986725,323702,75813,438244,817546,256338,247458,990083,868989,59978,666173,484734,669029,162453,979970,575272,609426,824,652764,653810,932141,370368,68105,758487,571137,597074,279168,712371,448794,103270,186443,28479,908306,415447,872683,756732,703554,18259,971173,81547,821798,829486,68557,143885,498356,743668,263690,91623,80953,393866,75136,262386,434946,560355,992029,177863,121406,394812,379582,940807,486526,745130,15178,865716,467180,381090,887044,660761,525103,267916,137568,538993,550358,703306,648814,579786,913525,280387,429937,607763,526875,121964,627680,115388,87806,546512,689935,942736,563129,650511,845240,282466,645703,19170,327524,459929,436262,155777,540281,144716,894082,113125,909612,721330,893899,666548,663736,360840,239410,451142,285186,786295,98728,64018,989839,312817,67800,715972,445921,774337,778318,21788,837053,42540,90362,247693,508917,663263,920216,513468,379858,664418,725309,97090,147544,226610,287559,913916,432025,477029,413506,638704,103426,939811,154705,93527,658665,699186,117441,862507,134832,893800,668704,162741,247672,793748,83353,545061,82649,405157,593270,347900,232552,212360,544149,559652,362729,541340,891176,602965,55604,913285,536612,271814,800728,571908,172073,792280,741186,506396,513951,525025,925192,716743,449312,142171,82351,779035,965341,687545,94054,915272,355376,968726,514069,649643,578713,539788,144697,588955,212568,77459,801951,530265,249589,303665,795550,654665,299887,933026,510932,787025,581977,981873,656435,118590,225969,19260,16386,581402,471628,252209,438711,79682,749783,282679,157835,49474,68950,862754,42031,939868,204901,99707,706968,623941,99328,212121,620456,185755,247530,13446,403169,73648,557429,578132,267080,130090,402304,685742,63105,593514,505183,697369,391988,64713,970129,734111,983100,753839,208080,32197,859396,951691,125296,870787,69970,213109,981341,15732,355813,721178,264504,498954,641887,756696,609348,158436,418128,384991,100631,764742,321560,640632,312935,229315,953492,510915,196635,348908,774736,169880,407985,526751,167211,253504,949104,280352,574280,803924,911654,834417,680981,423323,946738,131848,775969,432310,428285,225075,814767,565276,672978,738369,26004,676795,16940,325299,885901,356922,115291,683545,321502,130311,90196,393589,709563,386761,308952,363856,293934,782364,318680,72092,758699,765260,192763,565926,629563,369552,517905,116456,700929,65153,588029,872885,946803,129894,112,28165,434287,877043,349053,730028,608266,698190,365620,840589,761479,516486,72611,273143,528122,570629,816623,869602,418076,811776,722091,692489,2028,320582,780716,991232,545665,720976,18477,572870,528470,802476,386291,891226,565533,683727,243009,367109,369537,75649,23624,174812,628720,99167,453894,406716,196408,302368,403718,886511,504180,906231,522803,279058,837624,116906,69146,754063,875548,802222,408683,206977,32501,286314,837682,518368,624704,575932,821034,501355,645202,149522,916914,150106,364264,504727,85735,292022,752739,249218,334089,778717,838589,619945,563457,946128,98010,574564,354078,459858,981631,62173,344522,691919,516832,987843,718125,733722,340148,698425,231130,434526,960685,571836,879605,604355,643635,715766,778430,581414,933143,857696,142306,762974,858933,449423,964666,127673,896664,447407,371564,282910,534668,77267,425219,673998,95386,295726,942532,47180,481364,698793,129461,268183,494977,907782,452964,373541,469381,742873,598725,734373,615301,685968,393217,839109,596935,578947,84277,871524,868935,67940,660493,522016,943844,14359,973501,557779,537131,234732,704347,444757,13052,471972,191417,271639,308078,33745,937476,960733,161554,980840,731318,75403,232120,785247,58098,582622,514565,710762,687379,523810,533951,598122,688679,15566,37788,868955,530898,216048,995259,473689,562216,759029,422956,415775,815835,506305,644074,119285,371937,248275,692284,835403,404616,300441,532053,971188,500752,132330,955617,489039,734522,91289,520001,52187,340503,186,859563,493408,849299,529124,593501,194966,829025,827447,240553,579340,374030,885668,243005,122754,816198,763749,381435,858606,319629,918493,475618,233178,708421,853099,695613,347479,437058,819198,297394,551527,491866,13468,495074,203775,411729,218266,724681,409456,657581,626729,363401,500473,319391,569446,922078,547150,839326,292297,208375,170090,448685,590895,447609,899607,112052,189010,5046,157940,662079,583764,964120,35445,906570,340949,433345,50361,601981,733746,985474,478484,908378,30567,493535,227253,557576,475435,479666,831451,892211,390936,840717,923045,811958,367737,701351,111573,184913,507418,114477,905366,930558,567945,816962,367623,109747,730187,812847,580233,214552,30244,932164,517065,984816,5836,71632,40965,166648,344565,39606,324322,207529,253849,946718,597454,934165,104337,853695,35692,534316,574294,494633,907921,428198,702440,601189,1850,984456,994664,492600,369909,662374,317476,473147,583625,753842,294347,409499,869867,408237,621408,429063,21005,288363,581464,402284,358913,988312,448126,244559,611795,826273,524647,241084,59145,823351,157091,958865,619721,840942,184819,800165,855589,799333,652325,210811,46973,297201,135608,50775,34588,53572,226288,578008,825811,455645,985457,117515,578797,893942,157660,767034,998557,355025,609855,306095,410534,642145,295789,628714,465531,279329,505854,972978,516438,161538,578297,63772,903452,157500,604457,495551,314912,192060,195380,680724,819962,320594,430075,963490,787752,617448,472081,388029,628459,464615,34448,397908,80950,27454,839216,465212,664623,583078,513108,45855,138399,234591,36825,138933,882063,976944,591603,126309,252062,873860,292965,388371,558052,279991,909163,476670,987465,307964,904472,72205,78370,346594,391142,661678,126718,982235,974334,109833,410461,634494,447430,293400,350258,5448,81967,967675,162181,490444,350107,300080,486883,126678,836440,547616,196769,271723,895347,578486,644971,850593,298793,181854,902028,84828,424992,182793,494681,100460,9213,301475,787715,321301,712479,584336,473204,527747,610276,902983,525707,909028,153375,22542,139379,745216,132806,296632,303378,764212,347113,883674,127100,685053,857138,436276,204902,471801,18113,988781,587235,220391,6686,596273,852336,8415,335453,232341,890557,933869,168881,379720,50171,254540,224085,366254,71041,875700,687232,622492,174551,478923,585716,803414,520533,732683,903453,464628,398128,876712,829122,763851,338335,730529,621204,757106,375920,196138,479822,713338,828178,474511,456824,210023,181086,775113,974324,457669,672023,637237,624635,941284,599015,138377,180094,505406,79738,665960,27045,184516,728652,572511,60652,669215,874840,719183,98786,624531,165305,305184,527375,972825,168081,579789,643055,698088,364460,835568,403550,541322,675604,654682,499981,710025,960513,438838,426425,198325,695308,116096,199337,662088,142424,88851,97527,57553,494064,496264,830872,470723,764207,88447,207117,421134,186837,267831,703298,308783,553622,175945,470803,174481,490565,718135,96089,74543,52926,884171,838882,541764,744620,989063,955492,573545,653082,154483,175545,573092,644634,105389,449331,21451,76409,218257,487577,900082,456463,320732,494174,89483,701430,339100,769471,497184,761674,828625,451272,42304,568183,474680,767986,223249,192670,558514,65005,12056,49810,424090,128435,457595,477798,917085,776301,994799,798104,313341,918575,71242,507519,67045,506805,842968,606448,422976,707530,861054,92042,601326,730524,139591,921196,160629,619796,845763,311693,667491,902569,628330,327669,870716,340889,347079,780471,552781,553165,818007,779491,242210,154589,386131,396272,209384,936822,38486,194428,488184,335692,811233,532328,436131,651438,177851,246598,918976,775114,417108,958647,939866,350902,266522,603645,22852,402048,885987,112949,613947,853558,46311,880957,340676,993214,284658,133079,316947,585446,958991,531893,127690,960002,70505,384425,826533,200775,293067,425712,947574,444272,157137,48137,374905,176873,335648,319844,108763,70855,117695,737557,600412,225788,292621,679048,540851,608953,289382,550555,671538,869531,417919,541613,133067,13994,709879,2441,695470,390888,968294,922936,796809,355061,264171,634085,614695,267269,61503,972846,564766,882252,792021,482467,210217,134298,681047,955767,38883,288668,557970,685835,324007,474218,274997,813610,292952,255209,952271,635915,710925,740939,422796,927513,787040,821343,445353,5284,147818,432949,910936,228137,152309,106888,362845,6181,626621,261298,350188,891432,752599,180662,975730,976117,928871,300634,547308,993009,397217,785890,876779,295232,564125,513666,667333,705609,392796,97145,321823,448996,614942,566252,821950,644450,96724,305892,648121,668048,174412,530761,747763,189776,894614,476732,120060,794689,125970,987542,409953,279274,308360,453826,194019,755809,767010,120843,160129,528314,707565,241243,61934,321829,418107,605138,5161,238499,387289,128810,281700,610250,80707,754624,611840,784584,733608,220350,508947,133097,668374,338189,285848,222017,938312,655669,278785,77716,832414,603269,371487,159854,960796,300924,966329,435343,116957,873042,772853,499873,149261,653278,281226,745709,690713,285599,659083,212802,67428,92517,553120,592942,548737,239701,765068,330372,305872,200191,288034,120723,645837,510809,288860,347070,523317,134390,439271,672609,342593,151802,994309,459215,989734,963992,913834,794599,386762,180874,859098,39412,574457,781739,282893,8858,324140,785071,446053,262413,167902,861617,211792,143955,239917,271263,20465,189689,472532,818228,887946,115657,81976,542192,390874,559875,620159,533620,15377,705245,566971,739134,6620,843040,989001,895330,484027,400867,992199,294971,932694,647878,583863,201492,370812,22722,377928,53376,125939,329534,718648,110817,19212,789541,559078,814258,805201,590581,952356,443691,604728,651405,400689,583209,847743,284763,310301,614489,332393,466316,925273,831545,735987,313060,41175,874511,654449,658861,596671,481273,46226,205611,536113,127669,255068,238176,597941,582381,719759,458799,161464,171531,589657,109803,177482,907446,499168,450352,237452,11151,59914,116637,518918,761729,363299,69198,895404,354554,857175,981047,640029,942219,620146,209459,915474,761955,490150,606258,909309,45125,319564,489726,665871,140955,48265,980820,182269,61710,562566,365936,207631,549635,675877,716549,863981,178615,372496,939538,255726,828493,946830,400308,306846,981475,854961,135109,636561,736780,697258,749779,404231,650300,615778,651082,985405,67097,85905,965482,207578,783373,415456,64603,282512,163232,302676,164335,592201,38869,277121,586622,502161,369573,859890,12393,143034,859540,351435,126563,40607,323736,567146,611968,646748,78526,711729,472258,615727,803981,151809,683599,169819,206787,789189,309111,98372,180782,998107,620078,292918,253904,549412,120452,736085,261640,657702,128123,904994,879189,556188,502561,721554,702428,857740,468267,412615,470345,936398,589395,125178,645484,303478,942833,289756,898492,542946,483044,723044,337804,694990,563641,186829,170439,941404,992282,807331,471337,963591,378998,395087,24025,972256,577042,984032,731059,511668,747543,269363,889880,796064,247150,778346,225005,565880,308314,704446,847016,636448,995881,243434,844678,928692,496654,932940,725136,225996,594441,173999,222236,41207,373680,651101,614546,219944,343654,125921,118290,27428,769818,803591,390933,94687,580525,940377,887194,226221,781475,839484,575620,404286,171825,34296,231772,578518,300746,68952,868117,270472,419702,559464,259602,229846,29072,495398,182384,126698,791484,691774,973995,187323,485759,958826,589891,586277,501309,630928,788469,233592,476383,911435,728172,612950,24514,669370,450541,867789,716795,52340,392048,586157,942137,401748,336361,189409,830597,346863,51998,337277,795500,687014,132836,631498,373655,80577,684614,892683,19263,939606,927337,474741,855239,174728,18361,817848,404441,414063,495281,396749,800717,20421,807408,917487,595211,394708,258213,13799,419799,257618,944145,13663,737270,254185,986727,223244,738015,698579,912628,463337,896754,650562,988921,110342,41976,944392,923795,274452,968959,727897,303155,401347,245256,883585,236145,859316,948720,826033,736260,680344,105973,828146,389570,97937,429797,747906,596282,26613,318067,941487,605381,553639,984044,634777,117508,351953,707660,279599,232347,874891,774873,784074,282236,721647,574722,132830,212101,634565,186234,419273,358487,579017,956274,697072,623079,241617,636463,693823,254432,206163,737289,29644,507399,759273,473540,210758,644930,741616,287308,383173,533600,888546,708568,727392,992907,571005,68884,129077,410160,528523,326210,531568,2414,850813,242451,379462,648650,218465,764588,49080,371588,986801,551952,79980,140015,176099,874928,470014,110898,247944,784327,347331,683867,25800,337452,977308,582295,629128,709650,326072,935993,197123,466147,50583,959331,420026,122397,268271,579898,2708,447159,787478,523790,849231,49117,984645,133389,331737,499999,811602,606436,201057,699499,472175,643483,136163,602237,947856,499134,165496,121810,690935,554113,973048,761775,771850,409162,431529,145144,641264,872375,443344,153835,603062,748838,691352,958687,774686,533229,236143,984613,974484,912740,838196,999525,302533,491413,151151,135136,935506,657147,192166,32620,63561,712877,753069,171520,54866,14576,362880,960747,759846,927444,935968,821425,741792,89880,642518,163643,472150,233485,56394,411570,65483,349233,826698,379809,257529,957523,630098,237744,683862,239065,513736,887570,359557,293590,495289,889364,221794,319908,300110,674192,126708,935806,50271,46981,798977,371299,444030,254788,682431,783350,264645,70035,250059,589153,62684,289455,226159,775496,290021,988398,333521,51624,958950,969354,165732,898678,948958,672873,522819,321349,520581,277938,433876,268247,779322,708738,36118,705760,833197,919835,987022,791413,98352,497881,266712,869220,410850,689128,121471,487340,563728,767853,452108,35332,967455,451970,227454,945697,268334,481247,562963,882845,660141,73752,142441,304072,963243,530443,711140,451354,942366,481412,764085,673345,430510,397407,37922,445640,282967,154544,545984,143347,128646,635988,219969,645778,651878,55618,299219,779036,244638,174906,191760,340535,168613,137268,97108,635690,106134,646597,188283,603305,504522,467264,538950,249440,93294,494277,204149,287878,540754,243573,843489,736225,942453,595497,879336,245369,540856,669871,14017,58827,697108,186981,168055,893545,989677,885678,825572,780273,370692,64508,100942,949319,913921,717182,772386,10040,343949,330705,755659,512262,411659,560340,800716,482713,870471,665993,839641,795941,210572,884635,782685,228239,221180,997870,127349,394803,879713,564176,897849,502784,303543,686020,816509,687279,681992,566502,342284,165593,17041,833895,61659,525656,402635,312688,721900,696285,508020,32930,251377,6264,270584,586391,806943,888250,479657,956083,672595,636400,903445,803207,264884,520514,16457,703572,490029,196134,404800,446193,462612,198269,119138,94117,268061,36156,529091,149208,37512,657472,653499,33795,166427,594327,773727,685313,966506,368466,78905,191034,292102,178014,117184,44168,487846,608974,610980,75546,245539,604801,306495,308949,411576,311634,298806,431928,148712,333973,503062,893925,874129,124880,955981,507483,752349,3631,492728,425463,289630,218363,653463,652667,497857,45291,885907,575747,43958,549524,791989,101298,756715,688343,9040,77929,255709,131921,120994,195683,658021,39874,872073,862112,353790,642645,530451,507555,105969,98282,247793,983024,448052,313843,426664,465461,219979,506213,146912,929404,14866,208737,449186,8474,138372,306288,448651,699860,173042,953408,448590,662360,517633,538748,725007,370909,358319,713560,685113,746498,645917,776108,607083,74972,884582,37484,610877,429011,264413,977255,899333,382811,352458,63073,690790,615439,279273,83274,11715,933176,731405,590077,262688,687677,316637,190941,935773,628653,192047,529899,462332,63537,108465,520666,212216,932750,951042,38645,731741,598230,315288,257060,445778,591115,236043,611347,237399,790259,212962,915699,605757,616371,588373,689820,218845,479363,259781,274850,962787,384987,298026,136245,627878,735015,922978,99196,976161,901133,906374,496110,270272,918872,289500,466220,582658,597313,832023,918957,345012,340408,185503,556626,848254,252919,911958,259407,186563,306043,957958,149513,983130,815281,371570,209901,441306,148571,148488,197498,952609,720657,485417,825700,452398,384991,692650,511471,275360,980243,528130,415419,427607,744190,166009,448383,577580,328079,581077,211037,196668,509137,685416,18502,632536,289213,872260,898761,866102,124422,588107,860212,271164,906541,343863,686840,726125,221713,13393,6014,461230,61930,773233,139580,4402,903277,460403,391336,724975,984028,851398,287265,188438,355576,891614,647645,709965,364238,421448,412211,744999,981143,945948,740969,292871,769686,725194,197196,951012,517222,956110,732571,585967,497278,513496,817429,985498,661105,655923,597265,561350,432877,716369,319687,203622,758705,724887,412248,861096,804202,591804,498120,15705,171046,91101,47527,814015,489720,612475,889588,458819,812805,668105,301691,456946,182027,801666,311119,47561,239057,746763,963387,725545,202096,570459,388515,101776,445350,199610,332063,483161,88355,698429,158486,264327,260409,216665,182936,360275,934578,845056,167406,538505,944798,565828,223110,876994,999368,531650,757838,531511,880606,396737,622216,940649,707865,243882,117372,450465,72345,472698,785941,173496,243006,463865,812464,817703,33273,670957,791451,100764,148296,649262,196317,619169,93629,643991,334206,367740,950612,631068,79729,64681,743471,170391,708493,760318,441285,174038,202939,766361,897411,707553,550918,851300,40659,161338,452271,12415,511200,350277,298039,971327,921647,767764,172859,442606,155910,482359,973262,23537,312125,159613,93715,915528,372630,373504,579990,195184,398761,358340,214168,30737,962680,467374,75095,541889,628668,171804,472917,430850,292529,420965,724402,228547,243015,759825,754660,399271,391609,413835,337840,786224,274418,792136,950855,7307,669528,768550,406336,908495,659402,56547,122013,226168,29340,838216,451990,633068,73102,858206,282503,602724,379694,483597,49855,716891,349449,960858,865940,967177,595356,197884,580451,605564,945347,26242,754203,105242,143565,272765,792665,996686,792010,681036,620838,324827,710647,318922,898196,659123,923221,421807,162878,243965,435500,708827,367933,807403,85062,34460,44552,816337,782329,18378,382297,78219,948334,759583,597690,853270,24080,210026,426715,139037,199519,919781,890873,732776,263714,218262,964481,287904,832749,299119,781862,683394,247476,646286,65769,645298,255879,563389,495416,433302,607653,609734,984337,35874,232283,716514,739876,66606,585519,120140,79760,242662,630518,861671,745737,289615,441979,762033,782200,695317,578176,993469,527264,293176,931880,959650,364202,680981,241547,498553,727362,553640,497555,443152,979268,461941,149716,936109,337849,756000,933698,375532,484938,958787,341062,433656,769677,838573,33524,298023,404038,738862,385308,150637,309964,482976,595973,435929,466301,158116,188781,252206,300031,460448,280029,636365,302517,473352,720498,85599,126567,553607,367913,442521,129405,587937,579764,464335,907002,924539,480470,153875,880998,674632,141402,237773,284490,453328,164467,756314,476797,435161,317486,943652,495295,770287,655754,937207,206439,274992,407898,380840,621712,714535,356467,621488,178955,843277,845848,690247,393487,645072,306105,754888,935049,941174,241236,747794,195808,572560,254667,776382,196179,115538,979174,330078,331140,725743,465391,355348,164291,159664,845770,364442,836497,455764,614264,939423,867862,927527,489803,774792,416599,739320,920068,785669,345557,418391,591265,817379,622528,121661,323542,575137,19359,637288,314109,683170,742419,491982,453956,481649,279610,361229,30498,365483,43958,913119,255656,685061,297489,681168,410151,114694,216909,986568,442222,613667,324559,656450,906968,413359,387411,744366,41326,261539,204023,756993,969721,534224,354542,712216,544519,644147,454828,283494,487337,195510,595046,252834,394880,419341,212173,367189,425420,371119,229468,462162,862150,450011,363142,273104,68322,209470,63538,241473,194413,579211,31233,205754,657255,779431,655951,538810,818655,422070,59465,71343,525008,23548,843031,553092,189842,822932,73563,396416,92083,187015,79193,566628,43266,760743,795734,718653,133950,25836,196333,241979,105576,301201,953671,581284,222287,875582,594408,227982,267616,966193,691345,595465,525906,907602,62862,255965,396396,215191,994034,543390,958810,505340,432375,386909,267126,821625,714276,425597,829093,488888,537603,128174,507207,841063,290978,823043,981325,261366,377361,917319,404792,296964,539420,864299,613921,641469,619623,465698,914096,946330,450403,695705,887579,906239,71539,173519,243623,708560,368789,724594,887785,584464,1023,8737,900677,523487,330278,292391,645872,107206,256486,981112,333608,409526,287496,328264,831123,448866,596830,205894,963265,962123,677948,378340,727567,606414,316016,510603,376712,41533,653826,435936,13840,57160,450590,716918,296449,18832,71718,561695,600672,684903,648584,137425,509475,518513,586767,747190,216695,216521,395968,742805,32954,744583,961746,185143,482361,807658,506390,56977,707214,347230,111895,382594,418721,693399,246616,199821,971987,529167,149789,691282,842536,522333,66712,862370,414654,876607,407780,588445,63624,621032,26129,412974,136049,967894,788408,998658,175606,294556,16310,450410,414598,77709,294628,498434,23563,940057,625159,211876,701619,96261,426274,49721,215197,483022,412353,320138,514628,702413,909160,241009,832429,400183,233314,999572,991758,418440,429115,302680,944958,253329,979650,685497,198349,121979,886851,784347,593410,917666,965399,284177,751765,278271,521722,102212,271442,826025,870534,235099,205656,828237,584456,26074,736590,359188,462919,390313,764012,661945,826504,65560,929925,414581,514091,460501,280198,641702,673457,281537,126579,540318,380155,53036,636155,143335,418726,804661,520626,409361,482307,865139,212603,938534,674994,467125,674331,207345,304965,753979,795317,136170,970691,509327,8524,196839,841334,222432,324170,930803,372649,71252,786694,204958,879278,490106,669506,817845,312773,744293,329791,969490,514557,125289,823712,991098,988547,453765,479976,416641,875180,192609,199855,72430,114031,287651,644184,84476,31205,610663,643222,727342,176037,908150,399122,305300,170871,147589,91972,220294,258329,832944,478222,972662,808740,422113,199142,380660,511935,734693,889579,832996,533052,216587,875548,643689,688215,652379,998111,33567,284580,138839,466641,305905,594639,381111,900016,966925,176750,336321,462934,654512,413435,801261,940421,498258,941069,122053,888682,99215,635999,414052,329791,769286,591060,527751,592323,498208,525989,991336,482488,180178,817387,861340,794330,912440,254063,240280,949812,588581,964876,418240,750916,144872,949549,733456,388804,334535,743149,82609,18866,470263,566810,464800,576369,734807,530344,772483,580454,778905,848792,828653,928047,39270,257452,342903,181847,46390,271374,971127,830455,696982,226776,662753,239131,835704,518138,27995,472535,593316,118690,154793,150106,749101,566712,675942,229500,676971,903083,183440,446669,655756,246965,635358,107857,961362,403757,373429,173532,548149,384615,263020,494334,994353,657402,777606,81283,806248,806545,468628,798858,168572,533345,771294,359202,872271,238393,670512,803587,924921,233385,178754,496214,910348,691596,150113,722040,821298,869748,785125,137049,572790,911360,639886,979209,648475,805643,12682,26916,577131,990616,87248,370794,435577,108224,345298,462857,604735,563307,169280,173042,358726,551900,492040,842352,920116,725594,894932,921844,249780,968627,14917,84039,847963,817399,914753,860892,978244,812414,734815,710814,429139,892152,472151,128415,910005,472142,54499,304358,869157,790798,977698,835838,299112,623478,362075,126027,146314,831818,666814,609636,574129,469142,928735,272603,465666,962530,61556,119828,557118,773640,41423,212887,728073,423533,836829,917065,537532,341545,734010,330620,622594,46539,996862,568415,328124,305965,136764,391553,814530,652393,99402,296659,433128,970464,186734,499158,150706,997658,805505,577494,445167,397373,811107,712545,668612,882699,108165,522805,435752,883426,373513,404691,981783,710597,518612,252816,831388,595099,226918,848179,38419,4546,224285,496007,127629,357235,141825,131322,324837,340032,977229,871720,99265,495808,788422,42209,466573,69357,492245,148360,462437,29181,864469,394629,205779,758813,354174,230111,591881,21737,37858,797853,359640,706470,46117,890019,372909,931600,690621,728537,509772,314294,8977,655402,39129,331883,322285,59696,89699,273355,979054,976896,314177,744249,788648,68612,647856,646355,502446,24818,118589,277125,761779,335813,258900,699685,138530,39561,609626,131863,882566,994021,827485,21962,672369,650889,366864,732631,742300,442018,321429,756200,103012,689752,841955,903469,240926,816347,702907,317790,485554,274270,684097,915441,221774,266556,978940,591409,332298,126031,736351,180330,826921,477940,668505,458392,328425,347067,860946,962457,957307,173673,394463,409227,801372,128332,324497,155936,308072,593446,587067,956863,364862,646403,746114,299826,917517,532,415283,911348,367677,586871,328041,721556,759926,209169,559254,900545,846601,682372,600485,662250,216633,442271,116443,795237,907467,612628,399305,283498,212830,944702,129056,476358,640218,310969,961225,91819,584256,168136,506779,967699,943688,515656,602551,127449,991786,98664,343414,209099,450098,538903,680300,339738,116887,48076,442420,147032,833057,160271,848185,738101,389319,997255,103086,188059,122596,745208,821310,652388,952860,803642,720997,769559,817464,25140,17781,165441,838844,839140,709530,610904,110638,823513,798658,600033,899237,661430,995824,313383,353804,762526,595643,266808,865874,302498,320149,59460,177962,982316,378483,837351,164541,262345,115846,416063,818880,977765,77590,568138,46791,162043,175107,901709,266156,891601,201930,634868,982916,578408,803901,581983,698835,604207,355233,954685,866401,74284,44248,433640,265629,781713,565048,474861,969236,821222,165349,840754,565320,544389,19413,785184,50378,193189,275170,44544,577723,576247,529536,770900,99515,894869,804051,988615,839672,866562,931676,652940,725548,650419,863101,76093,843844,740407,234824,435678,568541,20052,466298,528330,565432,530939,618989,645198,81126,452358,492029,919880,819956,304197,993944,229058,139736,617862,570893,221146,799393,598061,480304,317693,640283,267459,609542,627743,641653,165043,110219,875668,390407,31354,823366,159378,881238,263007,380853,588519,435503,806598,111222,299420,442222,68496,586845,987504,138595,729886,386142,194555,386261,420227,716344,572061,351811,981863,954423,288125,510499,214807,887061,302721,898415,880127,774236,216916,101972,634585,301961,728004,274854,959994,930655,678533,133902,993224,910221,183253,500370,523965,613528,901149,337513,449443,394425,843761,128377,539331,170237,376585,946491,10985,392177,648548,450636,946030,427731,881228,866844,155782,149553,697149,714838,526569,416081,563928,904514,954072,566022,223694,959521,643612,637037,875738,414905,765314,956133,63296,529723,563531,172498,250610,904992,186504,573062,570961,620996,244884,210866,260514,165880,659360,543093,139434,369357,738013,838513,476042,883679,341011,87448,255923,779416,797967,700579,642995,524381,515662,136878,383011,956035,988631,499957,965076,119087,908366,757398,657338,149460,575828,23770,672609,243732,619337,88483,377483,217315,930009,77720,11266,271421,488543,623443,854898,483435,539913,233181,904367,922693,24031,371917,595648,680602,949470,668364,901068,34311,164615,344810,706908,713765,5227,120934,615337,67279,7570,15314,903803,353808,324278,572433,686397,884252,323286,542619,298086,755690,171697,968895,927945,775689,481107,389501,332331,628021,501710,377496,615955,181620,552173,977083,209816,977824,284576,817429,36312,973314,783006,568646,348103,343838,162548,238753,481401,538817,358302,799970,25167,851803,895150,894195,893202,85033,596586,691292,924503,336832,73284,458593,802561,26730,505465,400031,17989,57849,96162,895919,50977,887738,808646,814129,701603,329181,576975,187437,408729,734760,221989,136176,466347,245844,933990,432230,274317,469451,543266,847131,334835,225139,561319,248325,806171,268802,520041,47531,326385,815287,388178,964942,42912,781223,745414,315055,386149,48376,694208,862744,940727,977608,33634,994408,302528,588212,707722,195706,397916,144385,775039,602420,331070,411975,99559,583385,103954,577141,241958,352475,317825,10182,619605,343885,150875,56394,814866,141648,449950,940727,211234,481846,185109,647131,783368,94676,934612,807489,777698,682301,49976,898865,229009,299656,571057,15573,662824,869141,118003,982836,322926,522485,228925,702866,187243,902186,847500,875038,779286,166564,382550,900254,696392,211181,118529,86253,592298,971091,92026,834667,639982,313807,232196,990535,884525,377237,233251,413958,821705,294865,456491,708655,797180,943718,783708,811268,663822,968396,121580,612905,121755,119994,698809,65693,93844,211907,524126,602246,932577,605208,90920,729480,500536,391804,21980,136233,411501,599505,216614,648032,226003,75821,281824,653123,271220,684243,162658,481658,185828,659036,382775,947816,399784,97209,854090,563230,725443,538565,569043,130433,151345,392226,433171,448664,765428,143720,106670,833143,13858,742432,443104,363282,799096,875772,25432,640138,763802,163717,997755,566693,304057,400470,215481,108483,910874,16102,187060,341440,251523,497652,660270,22624,790323,581607,98642,709064,66160,87558,918603,1469,366881,193119,470827,310147,362621,221726,768765,410296,346905,109043,804077,841996,20107,677486,3435,981282,20150,71145,105303,937633,728360,386867,145880,112351,951452,565691,500691,630428,613802,302834,120572,932565,455595,934476,956596,48012,431554,556720,991372,715751,384875,886125,705658,104462,420204,108372,851987,419009,432586,734013,10673,434756,769604,616724,579733,516809,74686,133447,930288,923189,123049,643381,898258,515902,136982,61235,624221,297429,97066,582540,180005,802910,256151,320342,718823,285793,131071,428858,709284,816459,254623,265244,607085,345587,443684,213098,237109,998545,938100,466995,355058,639617,676718,932439,210140,829873,13369,871378,130866,969057,152476,997227,47633,515978,641125,387435,288201,691473,517857,983697,886229,312888,945277,203080,450082,752874,209140,727964,621753,597543,474911,255236,43590,247334,41964,29248,654383,584177,405297,407825,690101,74161,520854,237851,877891,667819,371794,697444,991022,77136,982201,579675,803091,497782,488872,829092,136961,190102,468656,98824,426608,846515,58270,722160,694639,651360,832482,419477,51619,82901,646730,47915,355585,393946,330913,161186,856157,484991,753422,463097,348178,732992,968226,88636,886120,94706,356530,563195,971915,534679,844250,709454,222339,545517,669687,634110,432322,659632,66512,868514,482370,139369,763575,396124,403823,21201,495117,452181,637852,588980,32196,182361,52591,433472,54785,341799,620331,411163,590134,854791,876248,222811,685810,436817,475789,852662,95368,308493,800149,547595,728326,243776,252237,878549,259223,481312,143975,829042,44879,851288,550809,289292,287709,553093,856148,144878,213196,392625,731624,517597,652280,878014,958799,553281,468653,913228,861644,863447,432413,956204,866649,103647,624309,463380,480634,897598,665073,247715,423422,762585,676065,913903,805514,771675,811141,960700,169887,254190,885132,84549,324584,835168,314002,449176,450086,670510,640665,255417,699029,754957,185836,409107,97676,521314,579275,468311,261625,520659,301314,532268,477945,431636,180189,969499,91452,645972,322985,738649,800235,347276,739740,28743,677743,672635,574187,404115,492807,634182,876385,89504,996310,666162,60704,7329,459584,357179,898828,666755,266231,900012,358151,669444,50589,873329,560686,71458,430460,370134,151075,17321,28401,264031,558638,985000,930479,483548,781958,590547,760860,898337,670082,683494,431485,794907,921518,649888,388771,262301,873954,43348,523597,632109,54996,904481,562842,243245,266872,958284,99776,60366,786816,588216,97953,181183,739089,907840,154235,495213,69631,624054,396460,898133,404209,201322,153384,230186,556616,506163,309588,886476,657332,707499,696427,291876,373800,593326,709742,913834,533196,566245,630859,463514,548489,589756,297288,620800,135907,492637,195604,207594,655468,437176,431142,623791,550796,487351,799023,315559,852068,479550,896831,741237,167004,638997,640812,860002,581116,500250,796526,162500,163713,731111,737626,40546,928696,182504,678763,247324,146090,811167,983298,555328,242574,715862,622998,7662,717634,519514,382154,865789,554440,723004,948110,139183,866457,639767,604186,933076,897232,620303,261252,527581,690898,712822,2774,282793,344752,595103,569706,273831,459958,711887,480623,548127,521888,25747,856041,457637,37124,909657,409580,771006,709435,733174,538167,977060,30940,306220,945606,912362,597720,955322,741588,505544,484443,508418,470122,43921,777896,630544,339452,39227,281763,737582,869356,222518,592867,960242,670549,384825,291800,567387,510774,407821,21548,337245,988094,213966,419223,9183,929624,2856,284319,48224,687279,334101,753683,591669,805063,175320,14482,739827,530949,239681,81471,663213,185537,639396,454337,839523,593574,285173,428366,148524,120354,175234,199129,598126,977246,242615,670770,376545,295649,638821,687571,951025,174273,644413,193145,507673,35502,848121,707592,841804,692945,91066,500320,189081,645686,144119,441123,39736,712041,854466,810569,932456,400482,251247,546804,490176,141582,377498,176390,308473,348379,720305,276910,101623,212480,516821,24558,573565,707184,783549,596756,126106,84407,950273,508180,45847,924623,298510,77022,777204,101082,741892,319129,756215,446277,904297,160866,374045,650499,245386,559640,691424,141732,779391,338051,744371,817267,780220,48001,393801,150057,969034,571731,964969,730629,136896,554964,383643,35120,460533,637344,543031,180435,341680,903545,113162,161032,278374,758013,699428,722930,533828,426995,873875,424254,300080,775861,457911,865399,438828,790671,226752,96724,439903,516813,99942,164636,240494,562838,843910,175097,83752,372743,781463,408288,471165,685924,273650,928313,582479,3299,508209,415455,568646,42362,524865,73286,962012,979529,164856,61625,781258,175739,367019,702830,819085,201237,850551,233249,623393,609032,635708,634631,529476,642788,496703,24374,402728,502341,981909,794937,92365,203027,167763,359133,939187,361309,793552,170227,633840,255609,981954,784969,871558,694688,795636,85104,416835,685607,435351,504472,857225,279753,573803,645529,208916,428989,354166,58365,412317,250503,717529,391088,192441,663922,540392,744130,992062,234381,476282,943873,625691,705280,569261,63508,350863,64089,59891,944164,648401,322705,11534,843122,966146,434396,695749,786106,932012,347992,506638,602107,497669,940214,585582,31007,560114,918622,898415,963542,643113,669251,949513,200610,648417,438893,609571,865173,203196,76361,989241,905029,149095,549039,108229,706491,392069,878099,414301,938134,602392,313431,405724,453825,594103,375961,151302,275803,516565,878794,132075,161847,512405,746678,949337,490318,195511,811964,119820,709630,318462,298413,351071,188347,606759,476532,274119,650729,99276,283570,21449,807262,840397,940035,55151,630440,932754,520435,52643,967644,385084,758374,552760,21562,544567,427839,670334,943195,449825,661701,888476,297295,756554,41300,294756,833810,172456,737458,330878,814360,533848,148502,667379,716923,327071,414072,463710,682621,163734,634796,744342,78448,673744,173057,731714,492881,312134,892784,745920,448243,83550,968953,975899,399172,906711,740759,416366,65067,36481,721014,311165,847600,834659,464722,391978,339294,350314,45761,904646,43219,865042,746514,882561,175786,277991,256173,238650,403428,637374,855792,905993,562070,434101,764005,228418,584549,200503,862974,364796,382019,181707,841005,437531,905762,64504,365408,12289,121388,180554,682439,541725,406713,749174,97998,354138,830459,250377,1717,988670,683697,525700,176350,340369,847690,944651,895138,438543,671482,943106,807868,789907,332058,137340,92045,496648,484436,675237,750966,494641,341979,922619,492748,209029,362180,32592,376274,43929,415618,679809,428450,774812,833656,594427,892569,578846,863247,823998,191575,888539,328952,42746,108088,818166,171806,299120,380241,922371,801838,779171,827655,937212,236931,649212,320308,468391,597871,911137,823186,443606,518578,392751,350725,703451,414845,292189,884391,798288,800578,227595,993767,877348,764361,231019,157912,369353,194878,755086,766014,973908,50318,200514,12439,942759,759289,238555,55565,801355,30982,337875,369237,297780,735343,213160,494998,786484,58418,294002,396421,250834,854260,380839,86516,283093,157444,331300,935598,691348,391129,897486,391726,128448,381349,185319,801034,283851,407372,150897,12829,476512,932689,520291,24253,175620,205710,539533,336071,868621,797303,774474,28086,812460,242313,586207,533477,872080,231089,209412,932471,644676,494568,303380,986415,63735,372962,609366,889174,481918,507865,723400,178107,355432,838138,199081,979549,832369,172120,816965,441482,207976,471380,786845,835829,452968,503151,986251,309333,155904,308827,125069,400895,403852,910487,30125,417976,275866,1373,764115,586954,227582,92998,817330,703820,660889,911566,736152,715243,820030,848867,671598,430136,803581,186772,212782,923458,25590,338501,185559,942108,343091,497194,630806,936886,838172,548489,704737,75254,594682,162734,8199,647589,339736,450344,701643,510529,424432,719712,18768,47471,505373,199825,389186,856940,452897,123040,983299,149504,462847,606815,926888,395349,275188,823862,58741,102582,832944,763277,710474,689125,432485,361672,164404,990998,11242,781180,960477,75630,944886,894336,564759,143124,747581,266461,862936,388854,718457,637365,554366,30606,907318,512606,931573,180763,120724,936783,703122,53194,651695,585973,827350,657440,789572,843066,703112,124770,100502,490687,851587,262644,281225,936686,110102,892713,38117,110931,705772,769546,834118,250946,830537,271346,47003,381789,719570,252282,246840,732894,263420,486436,850898,688961,666418,743657,345084,965574,669036,203060,151909,747371,907190,752035,883683,162454,846652,156307,524452,380677,432257,160979,718259,232473,291701,96461,995801,139972,674816,865550,163906,980673,760626,386094,826933,416452,531959,219528,332157,192754,143375,984452,637170,482840,510967,382096,41402,991403,323745,348012,495382,976225,396146,66061,691514,687030,926260,7256,673135,573100,97152,498224,204537,642261,156629,5512,325135,199789,835055,962656,413996,504222,981418,805819,580632,512925,517675,822633,347573,614700,716362,300751,476238,287785,620552,458119,805425,330587,255397,135341,776385,193431,22526,35338,623120,68036,580175,6783,673673,225100,712003,635343,965825,164801,724724,584877,811977,411377,982648,128945,571933,984689,18660,238121,212547,421577,493969,707679,939426,344420,67795,716033,261308,519374,253513,111902,869639,545495,522219,841092,468055,868132,235083,541463,819526,725153,89530,453107,519038,536728,728050,55357,855808,246874,39086,42340,896236,382611,315348,144718,374396,828173,930292,827715,629386,404046,775296,11854,203508,855109,65916,350401,6518,583211,447543,587461,82577,313864,154837,967310,453402,268265,727249,561524,593167,836936,739450,510518,489549,103731,790249,863028,97205,736369,176455,882807,487053,180964,168567,641354,940437,702593,667686,716373,418398,273482,502093,159404,850778,609626,626374,250883,211131,888077,273726,211470,109550,265728,126187,123425,954027,292814,146278,95480,470555,177426,95874,901361,401188,496097,969990,515477,317712,69205,897755,960909,754345,253784,713884,327225,610212,454515,430198,727438,625454,488976,89445,588593,304053,350116,848926,547900,205692,478019,989294,231847,258591,991072,389485,962568,616634,982768,548884,174825,893343,752274,875925,49110,233115,715898,932995,678403,245049,392656,467999,453388,160060,210721,789743,967649,158633,122098,912553,665696,421658,746299,950473,244334,587836,326460,575545,291181,331991,189769,699573,94937,608309,411072,291551,615854,616355,835637,227890,599897,247278,330818,116992,223920,974726,745178,234284,957027,918573,77148,345071,51772,545698,742835,311583,154065,698620,373221,872845,780409,797340,666415,106941,653845,320339,778883,488659,257414,282439,3028,525776,982034,42238,184128,157524,42663,43843,88847,787535,991207,202678,380304,619707,71067,452745,373493,102678,348785,43283,120564,970264,418473,454669,33548,45994,992594,484503,192850,145647,400782,500760,925417,514606,896784,544459,680532,611604,405366,965586,656577,997816,890927,507893,888967,808374,290098,171916,301699,112062,820101,299286,853564,797809,624407,554427,372654,911415,159625,959903,322891,235791,970197,582954,219962,530191,107333,618062,445826,57941,899261,666245,991946,26974,527135,922431,125327,185560,639210,592653,927952,26452,954857,55580,487542,653887,898622,63942,157997,334493,122247,286132,212868,289556,507422,174852,575141,260051,205240,74475,565743,286451,986502,12183,401038,417311,846472,830333,61510,718091,712930,362838,196760,539811,488675,721993,452071,914529,286526,563496,870950,995460,32737,536979,185047,935817,964566,571388,707706,661371,447255,389933,259985,755040,795750,697506,824797,656131,148485,759628,841892,826231,238826,909581,524482,641738,430296,630330,542605,660886,849737,626503,578033,982923,837337,1359,211267,217856,800404,323561,415928,354444,368207,676368,649462,481932,833888,695110,285629,76756,192659,25021,508560,30876,572564,687379,104376,661300,571764,396730,732370,622952,665387,528277,860680,423353,159119,878027,563545,687321,480305,664492,466624,129433,549205,561429,298108,38436,957264,16111,847197,24209,363644,263046,773892,778916,181587,747145,575537,208624,874029,911159,233415,547977,905957,263258,574245,498878,188737,54037,925772,54591,55132,897842,469416,579828,913871,37839,903711,359439,740519,244338,93726,500541,747355,462850,238232,44018,455598,802148,464250,727792,398862,773437,865238,693326,923503,550001,103607,717518,137710,358167,347834,141799,240295,288498,192565,572562,856391,481076,402256,860295,412811,400465,297436,328679,566995,308941,324530,543228,368069,221328,464823,352723,514031,875682,397339,435015,648204,455787,743072,584194,663267,385513,262795,873131,423019,847879,223915,404966,954888,873920,749865,752544,81019,151333,846450,519222,173919,603746,333205,890479,911707,516241,781117,278656,48352,3565,886104,31164,393219,267053,300026,589974,629288,391483,330532,603825,186670,397078,275430,365282,750093,998308,304041,74204,631548,32335,319428,967176,150321,995623,732735,46345,450429,822077,354818,925574,398770,746953,940732,95420,764059,384578,288859,524857,724691,91394,889607,380020,230200,475826,581985,484939,89,273147,781481,990727,777460,852848,133466,744430,966512,498324,680221,182857,750511,29512,904950,242931,572778,438202,858085,930011,38984,970479,532855,318363,562709,502825,422439,870511,422888,444656,333093,199952,18609,736565,407062,197964,578489,830583,377470,641957,860149,155189,726736,415615,92082,589765,476484,335765,852710,949642,326532,495498,667390,165487,25217,586624,211791,316763,94716,686223,904721,764161,658509,552847,747022,317746,324064,140025,46466,583298,492843,923094,860473,36638,369395,783470,314173,507717,157550,142043,587118,217764,1118,221270,340434,707642,389165,421064,674810,71826,120571,254007,844945,307940,739243,795688,247461,665602,435211,181468,599980,668445,314821,874789,60220,311070,728462,488696,667984,77798,79903,442198,791334,371432,494930,486867,835343,539483,304039,57934,39414,606698,103197,960770,189361,341343,887273,874174,488192,607465,659984,390248,88517,747254,533403,43342,658275,184524,276328,505037,106298,659092,883822,113349,247480,50549,750137,719999,850221,42592,934262,111680,364541,121829,525504,342186,740686,818381,131594,816759,927339,289441,513696,508741,711849,36824,580342,449789,508199,822051,693218,716603,867861,314405,372147,215667,264545,689745,617708,185472,858648,140892,872027,82455,293594,473571,934513,221260,689571,386071,474982,578238,386025,906409,472383,947471,419744,70168,815374,474506,385319,599841,41956,126540,11887,996630,591136,391704,339830,557763,553422,785957,531692,422196,441293,322629,600928,134693,53286,822076,25577,819841,645258,431544,608305,225381,736408,105552,516213,456493,106163,443072,54148,75916,29242,509095,642007,455819,504542,884499,32331,421075,217144,50307,554483,26826,219292,392650,817150,395137,408933,622017,793318,266819,562172,285025,11427,588040,724307,143483,714059,886186,400411,862877,494156,816875,481668,531960,940659,549107,760160,519299,929147,136813,579761,595464,532074,740228,184965,941441,402607,513585,784070,218719,286571,537035,761270,777757,997774,983028,785974,964343,563234,257266,897913,653114,509856,952213,885718,232937,507469,59547,634043,817293,31172,854431,959744,130163,457769,689116,850569,23950,18397,729717,776109,603313,218882,590924,451406,779705,235694,267270,322279,312475,48768,97716,435379,669894,706518,320994,381519,561014,951025,573222,970542,716911,411802,883236,192189,120534,915608,361848,322989,683362,112386,601331,759985,618343,96171,337454,157513,520789,793038,401243,221812,990348,157526,658121,666983,366438,584801,407473,22808,170693,920216,676943,728612,488210,986847,166366,198549,156191,380847,919683,411145,705805,877187,871468,904537,921534,414777,354061,723467,41837,304420,298703,596850,116913,837821,593601,437085,82467,269879,63621,56309,287392,511596,203708,300341,392336,852539,631273,161737,931024,988150,450567,164669,304962,560418,538846,855065,317492,17789,145,32622,562255,431370,655995,698477,34392,512431,212555,95416,258516,998969,109309,283353,753330,24682,868712,707093,335495,73699,245901,432018,375639,572845,447051,392984,69175,660665,577679,291298,986293,507119,284242,434369,361322,53877,716811,617197,601505,5165,949563,486338,865897,335667,893581,371673,415293,822857,211819,145950,580660,398534,802716,758703,177991,475873,452395,794003,834980,641265,134701,407947,522111,266559,520343,792409,842142,74434,842885,23527,784264,825498,648473,288963,503043,267394,233661,989333,747983,763490,761312,893574,993921,823087,223544,619491,336994,43900,847452,910508,643820,128676,788445,838474,564455,573208,118281,715852,146994,694068,513228,280853,338536,516328,208176,763403,806136,206144,352066,857245,753450,313246,995629,287460,508958,593762,966840,362747,923296,577177,512882,5821,738392,146253,720091,287918,28146,230253,147734,268240,334118,638673,168675,534301,347158,182267,17719,707577,520860,88094,442895,592631,173316,47420,27180,130265,859424,89020,206597,247611,228334,836430,323406,248296,745213,776325,131724,184924,666306,842178,877378,799396,630006,679052,600454,591041,109438,964637,719680,265151,147140,338246,435477,647775,349263,863126,537202,506364,31347,459014,168408,290477,739278,346859,312998,971947,358459,982426,296174,729913,294530,504598,398015,692656,10447,565723,515814,584798,652694,656703,646934,845079,750526,646884,259589,916172,830697,952746,166163,638162,370591,767799,45232,979210,812596,185302,906745,95505,619468,958544,316296,733220,994304,762962,276226,776489,627709,263862,225464,430632,142912,345993,890828,794137,50414,932218,456968,749855,258950,475165,577803,916212,724346,720027,463952,689239,173558,941484,844541,455970,795052,903594,732365,898960,228030,439623,198336,164233,179665,75413,286506,420357,553108,808664,784688,200648,882942,715479,827499,902109,739081,54554,299825,225121,352615,429811,126363,314573,496130,706572,192423,30666,102587,598861,427940,301625,544330,762665,110900,338751,564500,275607,14829,59137,348574,88786,456907,395671,372359,344210,980163,504136,901611,777108,8209,607717,873245,332406,17766,232359,190203,325300,818253,899006,250433,722561,462945,994394,382420,55139,92180,642402,296002,932923,197010,979220,380366,641144,885390,603671,170623,241980,566901,246737,714464,932179,555414,432121,827205,319865,9944,847402,875871,20109,652383,182590,401334,306015,814563,484155,607516,887230,652359,977834,637056,445545,964159,486897,610996,16850,145336,16385,734145,819421,266888,2623,182912,822300,723801,123116,174412,31224,291878,815047,215063,30153,837276,498549,374576,450148,16873,451762,84434,603774,730688,8675,16130,770417,734765,757087,824514,363426,152763,152630,877776,450524,618663,11301,412190,904564,365480,600873,46679,252500,109974,934677,26739,908572,850545,797813,843533,845712,717381,355671,297924,38866,769490,258222,273728,129855,266733,226000,721180,255746,665994,457212,399209,928717,838091,876483,856855,242971,407020,714424,708676,66804,60834,989943,533502,289962,694968,277866,370666,663366,895688,4559,496137,892522,403131,339372,881201,496780,848102,705370,387114,421903,449859,359369,858527,461499,512187,502538,653481,16739,769541,292972,142540,70299,883680,8605,916236,375867,563193,261963,890795,666354,367351,811838,644454,3301,666125,538401,767205,769020,545044,33374,851639,114068,872450,489243,447033,548127,396051,38589,295774,864805,817215,869605,201709,29075,71768,190343,337501,168665,654444,989355,675007,33053,965755,323609,116722,338900,48601,398899,87199,400112,14793,822481,826308,642042,844157,295952,302215,671543,760133,560168,991756,288559,668417,639432,199353,431842,950816,454413,99576,6037,531359,273543,14587,312671,836819,427963,435928,447625,863904,558286,714912,147743,480728,876562,910985,56271,303058,956733,137946,726786,270941,849294,23976,988897,368618,973172,598284,972898,328010,944553,451503,728715,973428,543647,742164,498708,874803,432415,818827,1285,359909,555463,838916,213038,796564,468080,265382,791224,61643,658189,150722,876900,631249,304545,682427,6715,698587,931231,752403,443535,134607,256211,80416,443697,84677,589930,635870,511797,753785,112404,929017,638096,926153,820446,475353,817988,819929,433134,721005,399776,63365,500868,328791,162378,911790,407511,260168,730779,487505,967376,909234,522409,65032,790441,697874,168745,196983,420698,7830,234991,758315,384078,43945,308216,754287,924336,287842,453414,420719,917442,791200,949471,874905,8970,877677,982475,324606,597580,248388,607374,638972,431300,632382,836149,492943,47519,55866,33352,213325,729676,748603,699576,51852,823865,60518,954943,270347,829654,436190,762740,114402,565018,909416,468326,953027,211161,65045,63002,108047,118225,591652,451942,966368,366740,534094,259664,258804,731316,811016,693244,953323,900657,367944,758919,112456,161910,27261,999508,540082,970673,242168,156292,930780,810732,172083,213718,368126,293523,673951,664268,690942,636369,585796,40018,567739,901698,899821,208006,530707,441403,861424,564870,183582,973902,34801,612287,120002,368670,793810,575706,606055,938427,532546,553447,87454,848607,796726,503691,157502,412432,994034,59094,127605,628737,17590,790588,572935,298599,556562,102192,147729,819861,704633,437234,360046,20729,300792,893676,93537,771314,833382,872165,756904,148822,371847,712201,853301,608697,411967,752360,98260,170049,205592,98167,899632,161217,453843,148684,265549,655399,419210,3518,355926,705291,458879,943563,863049,691361,897741,528643,852106,472186,934226,176572,395280,232688,658707,822305,171542,657898,391649,866144,111815,129370,685525,909099,807308,648192,362817,884247,830071,612801,431968,681200,718318,491475,349448,777182,438333,38907,892269,606974,700640,933898,859647,15397,538837,527597,807253,54507,816564,566447,649354,650105,922505,872526,965202,366123,946812,81874,419548,348004,379528,25213,500700,846522,143227,446152,214665,165985,122999,52023,367707,116542,790147,875315,393022,926542,609674,862918,605665,508047,201701,440067,196633,563704,591529,606558,406880,896403,812082,188842,783989,21424,665712,974302,210299,697912,928360,35352,16577,934438,482797,773672,515785,974226,572607,534741,211179,843992,171524,957358,929091,432893,522,348368,123697,839655,552675,956322,704177,609973,813281,178325,655368,136593,551172,810836,644702,879076,119208,559481,903275,921801,222168,953224,740739,627327,508710,242718,528996,344324,636303,824114,309918,509613,169910,429879,370551,279328,51091,587197,198179,78131,836067,878743,149104,325889,801239,547318,353375,420176,257128,741434,949045,689563,547360,840693,884194,345823,258116,39433,220963,896055,670985,234923,676468,199895,773630,494902,952904,78861,249225,13597,472681,774152,459965,303452,760669,729863,29045,986120,619755,790727,703709,260284,578705,615574,207052,54410,614018,90766,275445,126845,141002,395946,7294,351760,210311,156241,965938,819366,768337,120231,392088,76039,157010,547904,667059,477665,705291,365189,675106,897278,473610,241333,56353,525702,409893,150643,337651,217608,66045,848149,971109,745106,154702,965901,306994,180662,285336,580869,484755,409606,155527,372859,71095,900813,893477,175861,775045,197064,72348,119557,805660,44089,355523,872382,989048,74581,71318,660583,21244,282073,984764,300364,691367,6262,125623,497633,906150,669410,144143,277000,452377,933680,923859,478395,327903,320974,586060,140912,187400,837977,945552,773925,794448,25139,789956,381779,373718,662479,140492,72663,310503,958270,965682,476125,10338,330273,328681,183554,899009,997289,194990,103900,555677,982910,263219,493128,347198,533497,241082,308609,2401,352965,466442,953786,149158,986311,810459,827732,722541,866492,481339,934552,479020,790548,130456,696285,580645,979710,791558,241846,194597,423132,201861,801152,34837,67764,921438,287780,632557,596926,961607,37203,82058,445060,969766,4376,385428,178190,590678,497907,595592,75378,615765,345236,907574,954008,440415,146981,329189,957078,439948,834069,990046,177442,210810,699250,173951,125732,937210,393383,780699,382568,372739,239621,501382,931997,619487,332120,141186,787854,887011,748255,405534,385534,237914,4178,631516,314240,471314,769501,677806,202624,333049,744853,369701,658072,82842,620044,982974,291610,295275,508967,661969,33264,611412,389249,956426,947283,511160,489320,583277,125713,626315,784950,353088,173327,482177,696208,834397,800542,311116,389628,338635,435520,726803,891931,773735,465933,188468,541092,93547,522815,670169,457132,850078,959443,522575,740152,692044,260038,558059,957889,805868,86206,108935,455697,295013,614631,988669,640619,876988,793447,536380,658048,337819,363092,855439,834933,779715,599556,669752,96451,487880,249378,519189,441116,871799,854055,388058,970803,559371,880092,28995,936298,694382,525938,165285,34375,657484,9689,198388,86997,538930,687460,384005,452769,343072,935744,230013,252272,41488,730608,608730,124432,428062,993783,405577,736648,801465,611727,949962,163349,298192,575229,841849,596900,959240,808679,696969,231684,383322,123225,262016,916527,728895,608914,76078,587475,345215,235702,983235,214907,864351,728913,968744,475204,531886,381376,871171,767577,891947,99593,406980,469769,917909,246444,526122,538980,196904,925435,93498,467233,69868,66323,416029,461475,222089,134538,406819,989296,392085,15154,233750,322597,62253,972493,2810,418094,35601,942785,713101,457869,883036,565328,653824,730028,72584,338316,745658,626249,351983,92594,891244,399900,862319,16860,790426,363532,480711,334310,547815,60923,252419,36172,825584,397111,605492,583656,65537,172454,933442,530412,263362,994136,869015,94247,709422,525152,840159,35045,429037,506407,693183,295667,137578,255875,942824,835095,807439,183799,337343,469125,941964,657205,483370,984803,62843,306660,450793,949718,453549,825701,283958,31097,639270,905657,855945,561927,342731,33314,882650,412160,574553,304373,767425,894401,570571,557315,919692,937469,397562,172452,390530,713899,59424,88300,753168,287581,950678,997503,619027,212363,874458,461852,27022,637912,436397,11616,428440,495454,377462,314364,525155,100449,614657,577701,676528,517399,988321,271090,547272,106960,593917,21824,701304,56998,421431,18585,44701,51878,431785,734582,466757,617378,19449,437130,866629,734365,344384,298199,397356,991123,760037,235417,154695,282768,295562,695012,485166,796866,508209,103986,29175,889961,164444,92302,156358,915072,267851,554669,495274,648720,257054,422508,598216,504318,343056,275441,913002,899778,206422,641057,551876,284257,230932,737162,396204,957718,369225,40111,565491,163918,537652,819022,776676,621530,866109,799579,527557,987822,206646,559378,486845,40770,707578,153641,305214,981037,640174,776867,319511,270126,640460,451875,797666,234222,33108,830714,723317,383490,995148,429082,152973,107572,349363,69189,818155,950790,689679,608968,512317,285850,393016,936762,815281,369534,864341,212078,200814,84582,798504,394063,964511,273663,643182,387743,10502,78393,226743,934457,642237,871854,670893,239295,796841,931333,274018,439148,643171,887097,53242,786202,229915,620985,106397,987987,541709,42760,621172,213939,837090,32857,808207,629374,87570,804053,46083,391551,144153,329106,261672,821956,128053,171555,155016,626092,319392,708985,340806,176221,188860,357667,922611,132315,188469,578250,671476,617090,95287,502267,713141,19456,700543,60678,95960,652302,714402,649758,545789,924993,882905,722758,563283,58710,172388,946591,795217,989407,325605,389353,30749,311086,109935,42826,954489,431908,543688,70373,387343,363084,372179,519897,811111,778904,104047,28388,844831,820710,178544,967177,746339,335807,535583,785112,29125,349461,642609,109433,216750,203789,868184,959200,222132,749396,981344,507596,381542,686057,582793,168512,214892,660905,815763,995008,63329,562356,905171,514052,711723,344355,432816,656691,626504,996084,544768,575589,971751,722468,920564,313082,876765,517847,233170,521799,798838,304588,298980,796068,746974,941558,840647,781624,546733,918560,594735,123000,775721,748508,659170,434548,903277,487386,419448,825160,841368,734713,672395,972556,355657,383259,687959,133308,627899,146084,564956,906716,678997,296095,219236,950738,545316,15658,605013,544553,197158,123109,775809,407298,712576,765630,383590,650685,878337,624440,323292,177484,426402,296325,103261,475943,659836,424706,378634,357974,1534,812028,598906,508941,159409,573575,53509,354825,187618,867801,752956,620242,871538,407129,36396,465332,341346,31845,420258,857669,728996,878810,88379,316229,502296,304371,4091,750190,115003,767370,72010,619526,575809,421769,304082,719043,534878,500106,837556,176555,567335,168597,376739,374796,996647,473516,834155,274564,358066,374225,714536,267992,18465,571999,134661,870072,311641,619194,737541,171193,501724,194445,645753,624951,38768,567546,781181,465847,772141,988695,994609,924510,671608,725062,264223,546697,295125,100985,561647,834226,785935,417401,876384,497900,371988,653655,762218,109773,88999,402367,431240,238306,588377,511241,745914,453136,861518,512040,322828,625908,766476,698055,508529,639245,954249,217823,55852,402372,243081,895342,132495,413679,823051,312163,428993,833195,292053,370295,549061,868336,872827,763526,7181,37555,309057,976418,490325,627333,966915,926915,963824,494311,316476,7533,454737,743570,412157,902953,9895,316863,304658,481115,94800,869134,637323,752949,746571,604793,118925,165108,265368,633417,328677,494408,927483,707779,384500,672683,927402,342249,759785,361263,330387,882318,296596,349456,865933,756635,632128,125406,351699,231347,396973,290818,908042,578390,44109,389200,78754,305750,5994,132631,263585,602514,179200,280759,177634,951026,195144,970506,728537,434743,350190,427986,673982,768412,788570,75934,620271,711683,363911,773730,172472,661927,538814,763707,944353,770060,319974,613227,882029,526972,679828,355014,673734,938367,47184,884284,471226,195946,632210,558277,637691,335174,132939,212610,854799,286418,835678,634436,134288,75187,540870,562160,967694,156501,643903,681485,157115,171986,749009,382010,759157,318960,998055,896089,429001,84569,344137,679352,414837,921702,882136,722857,376854,189783,641462,855308,730376,290437,634506,978622,882749,855737,311511,68410,860001,142800,222070,250029,526586,703176,763654,482482,994650,171085,963097,71651,893789,527583,646208,352346,278825,606342,712105,891920,573048,685490,506951,50186,131966,950024,740774,310444,131380,69373,285782,68932,70993,939677,963401,137539,155966,472729,207478,676684,982148,166462,208428,884055,463037,267294,777429,974337,782811,427435,18501,743222,891439,412833,266888,996704,683617,219260,98551,803560,980199,360248,328025,997525,643018,207478,836362,141590,661555,922584,598159,51162,96638,749832,416465,298326,385489,934819,961357,220215,363658,921828,213501,149959,518168,86778,315234,285307,830762,796001,425813,832437,5185,536251,770604,775026,992034,850257,389263,110089,367238,685740,220036,493070,867719,54424,526238,316594,235897,615168,551865,451844,809010,292028,456006,124053,93764,740309,605365,278092,742985,588766,371166,267683,363188,29933,708267,898503,68012,163314,831909,740993,61417,483864,119487,573757,769640,870263,437547,342600,548532,79187,26084,319922,903389,353567,791204,321867,603128,508446,504879,971481,794169,310832,700579,246145,896978,579015,967321,757510,811673,885709,496383,696531,624103,190874,678043,858863,525591,481428,468774,364694,173833,330626,742136,894985,141689,105336,780680,832842,749076,488967,791725,994818,821761,391676,156369,699496,810514,462795,180397,504422,585384,642366,918327,632582,420099,904974,817945,965685,389528,365763,681788,14101,542949,779672,723641,930148,967653,561579,817998,527056,172615,641587,122734,669131,623065,888409,370482,741989,629880,986383,660587,6811,230554,477873,601208,176795,103449,952703,386126,248707,156281,819013,789564,535200,186934,562102,259963,961065,325316,71672,821675,239343,425837,201482,838324,691900,667132,705177,602320,738705,603126,407891,937015,2450,27711,973915,631833,891929,300060,208482,639457,880738,248528,332137,406702,278169,402306,366413,812976,206724,614529,895039,90780,194083,702543,815596,710392,992359,466159,604073,618036,613283,69945,70311,647679,520553,858823,173807,174699,957553,549564,508131,840404,826473,586379,199505,376157,630991,261206,322485,857738,990117,504584,564351,303819,99343,610396,574932,151888,206998,225859,963426,157677,218613,427945,246926,82157,960337,723344,947184,208202,184218,494846,43575,409203,178024,501250,206922,851779,216337,739896,137254,911249,343503,208851,651679,501075,640530,62863,817875,547700,328239,131592,671956,196186,364305,148977,245513,190111,464998,298202,677760,494163,570936,406642,63299,708534,351791,651989,710404,124685,263205,607807,823663,868492,134024,790917,533494,280577,476631,517957,15582,464689,643876,683508,132741,623810,803961,746827,751990,98051,369775,699514,256726,889369,368965,103176,978806,676294,675800,349691,939138,864442,544408,703671,727514,378333,703759,887974,947883,539628,104762,260833,31927,747193,991382,432970,913142,642568,403674,209378,60573,821296,211468,528877,812978,23115,942976,553758,178547,992235,545413,650129,183895,226521,144008,593700,922520,390925,329528,460930,6136,483530,318404,674139,116529,730733,193099,556743,163476,16939,24844,659921,643996,558303,849002,477910,878171,3223,368116,86970,410403,927360,650900,78976,60965,800793,911744,301928,947902,334731,546610,104690,648448,701747,683297,502451,450608,875422,637922,649814,47605,454778,438091,849675,272128,171634,454213,23083,487874,598496,496786,41915,342872,644640,612463,76686,174329,199654,696953,14186,946540,39102,472450,622539,249795,825203,989620,708013,499229,768232,132592,196797,402006,685351,690237,262079,278533,184397,206042,675176,244004,906949,356614,294846,729093,865293,877503,700733,421759,324221,57075,900325,145148,898259,173824,949706,249626,625745,29168,216183,822334,10563,56807,589563,605594,320321,854156,776548,403410,423341,440642,785113,113213,865717,769806,180793,854373,510297,113729,605249,671813,374513,981814,604659,166194,55616,523408,185042,510998,391850,954733,696961,587240,46350,389521,256470,162984,450132,127414,388204,599836,881173,140910,140584,837919,683437,648117,882733,174430,161583,19863,231449,319683,979503,390212,435391,664582,534604,512691,30041,889029,205903,936967,483909,425610,262571,77067,226932,277446,857715,829279,534412,564307,454513,521766,809014,721460,408295,609304,948248,99495,662451,767249,707409,590989,266996,715196,823679,93587,521627,122878,174931,764893,266763,138164,995536,636138,60510,601215,745730,35839,281643,636313,836466,28966,668295,275346,805820,534391,984845,222887,34613,968572,458933,450920,69853,920399,240833,86895,275640,774857,646576,814576,252524,764491,193489,520015,31108,66594,617446,768531,70120,788548,565566,840206,186254,588161,122368,835558,207774,238682,602729,165720,560676,43445,310865,611595,78948,890316,830283,896380,594929,635638,742539,623670,605582,485156,36241,281144,900108,289272,854023,53804,900854,278614,641396,818951,490208,682931,65570,204928,79806,918379,886920,272147,534823,7276,157721,981232,385134,608958,847266,658029,864593,786078,929997,253474,30087,362782,871849,471514,254174,865209,969514,875273,29564,427207,938357,180605,418513,230688,817741,891161,588375,545629,257709,737934,711881,272897,745430,620277,737373,796835,264706,649897,345412,176537,952901,51161,775952,243422,895706,623264,972368,922579,610862,815425,719788,301939,927302,43174,398739,596706,424680,387771,299429,59910,477110,223559,389370,767272,320930,49982,712432,508931,722550,86743,244467,858969,357050,115936,773496,114960,233858,864710,666938,925965,491846,740554,439692,795184,644739,833822,98904,965837,363874,843528,905132,679605,63577,236243,391778,413795,31502,1844,851666,788680,879517,408700,663871,801528,480470,216647,772893,405460,133775,982239,330365,838287,116479,149251,70757,18610,492934,366779,958502,408489,901653,204514,101260,85617,603004,272216,20284,998222,49222,915739,668255,697157,324772,636673,451505,990520,940639,574576,763021,472562,381764,671055,765550,424969,522810,101135,286761,481780,543747,668149,913865,432593,511330,982062,487185,439326,568165,323580,527555,288958,739054,611540,506554,627180,829312,45996,577288,524293,584480,828786,80276,453578,260393,713700,622431,882354,655267,826297,80688,816251,247679,691442,83783,957295,77888,158848,562615,704166,346612,599979,333890,249974,740852,405828,150062,377030,93970,30087,360165,88798,44466,722556,165870,853409,918311,585694,196919,929703,953194,872351,875208,355015,200852,359608,80160,424906,152180,291718,602370,886653,695744,768593,104313,11694,734518,506414,825547,293787,486895,798599,333105,374434,532339,967518,241382,768879,591628,193082,718454,814220,951177,381816,418509,646192,641062,81697,610638,228596,544754,787854,235540,484118,802745,625888,448103,587283,59213,778297,783451,609035,424789,298684,642638,914829,197912,542159,167533,505683,207685,299795,436256,880063,861963,442701,771563,286803,702144,492923,860199,58207,362135,479226,421217,595590,549688,184814,981589,1560,276739,760764,59226,656694,856613,890647,478439,608662,856802,283991,611554,525545,783840,748747,812394,646565,914902,55982,945628,837414,174176,610767,911413,726378,818328,463123,340959,249446,424803,300870,796141,605684,968462,910101,170821,141251,768153,926949,740540,158831,500650,970618,221351,945111,140085,869767,443882,899373,342539,269939,465218,737296,335808,367597,848003,740485,603948,260892,828855,173837,552424,832821,864171,202041,225182,94816,696072,694938,261448,171144,588333,380566,243837,554861,464838,214877,216422,608313,479977,230221,8237,997873,725482,380883,454342,146942,10267,122144,252672,420612,730187,990382,781220,347965,738497,34506,37825,230426,151253,714855,168956,714777,965913,155937,438126,359497,402925,283687,840832,758295,626762,351781,375497,366132,171069,915786,446570,895363,11353,769791,696485,286870,541378,890901,657419,277635,166891,208096,913966,63285,321946,887572,201108,219671,883117,698409,887983,286865,551128,133394,203002,694028,505153,598163,508587,215244,757604,906541,548835,320848,155325,684623,220034,479310,863703,184313,706084,937011,979474,745499,104778,211917,651152,575020,659743,404365,265801,103490,194875,532477,881303,728161,296622,60514,965321,622891,323306,493443,175242,661316,798050,559033,970244,280277,579864,392904,589959,649598,754796,409740,826765,444996,101167,453758,763096,438684,497860,447825,199384,119505,319744,812820,904765,885343,402495,216464,743283,224906,269535,250606,116098,577678,412223,33292,449035,488736,576259,519096,222505,744995,858855,959828,524678,888935,823404,769671,646276,681826,946033,401034,979440,892476,761108,71188,683475,137570,999480,388805,506692,223688,735533,487915,755664,718636,908754,934677,759898,858800,367693,185209,918003,111141,260726,60099,31623,566513,139613,708309,87620,753856,864865,724621,316293,652205,446681,761547,697400,678199,881644,720240,895806,621485,814700,300741,641616,96967,343977,126971,767562,138119,666578,206031,499784,560680,890410,261862,32091,430620,248733,59755,984392,585184,549934,57064,1040,89015,959227,697993,229831,933845,285382,706773,112739,805599,43519,929206,613917,850922,278709,456416,56420,551074,322651,249390,427540,920978,616298,619455,649902,518268,915507,238060,85229,97786,17498,506720,167460,132546,995136,491251,814160,664962,353172,184889,620082,26022,669521,998707,122263,393635,660135,855097,743954,132261,583356,181417,107232,705409,45240,196811,333567,21171,433937,557882,360258,287444,841988,332844,762154,394741,822278,375592,288221,415944,130011,572566,698968,255778,604411,716333,193413,52154,453076,959813,66882,341808,401059,319556,873384,64985,334054,243210,639590,786485,822022,700253,304584,610323,670435,151706,766698,169219,395073,947623,414043,269068,436840,541739,935270,346711,429382,806070,717697,62232,85897,66715,904615,650840,400338,193852,179389,443078,24150,259066,464516,582301,664997,750169,415191,972927,888154,717890,965860,490348,390070,185327,689614,937896,447108,319909,488188,757804,844572,771264,643951,981971,164557,289394,766493,459050,506852,916400,25323,645490,788407,286003,852913,560723,506877,450033,213139,670038,529335,439071,869276,516698,804106,650879,896614,831976,255223,151077,358960,650655,59587,211338,608653,623129,52927,699577,551680,120115,19402,434860,907797,870952,361876,540801,337784,116307,252538,557539,138954,968330,647369,574397,541566,864705,491179,942085,584705,505357,446337,22689,578009,864995,549608,224341,298679,681531,174199,27400,708629,420035,334598,294669,200859,762368,437037,957311,450466,52939,82171,3101,455047,278886,862608,104717,167914,289588,355250,464582,117906,930219,179424,12572,310480,760980,905041,812634,194975,26922,920812,193366,707898,631397,449161,626951,439769,211842,344723,263144,616014,712222,721166,610786,630423,894108,35342,324276,746912,568572,553240,472116,111493,3869,887379,485081,367236,677180,16912,579470,280679,885746,553637,848720,562876,957023,269571,165108,858787,807057,894244,271005,501934,229275,903576,174328,658180,717291,92676,143886,567132,145160,343027,855557,573316,7469,276849,230882,797376,760833,863868,316325,177794,500742,276950,987683,339849,280123,735183,924809,717569,656092,222099,530361,18134,96745,777652,906047,916887,472932,945380,752487,272456,945507,788282,778215,569950,644661,838554,156917,275693,975640,620518,322099,769486,877720,421432,432556,680441,699502,629967,982313,197042,113550,654993,995827,200884,313887,694807,690468,392551,925701,956522,101210,419427,132720,540943,121386,508998,909936,827880,979575,980257,228467,769178,519502,863333,441682,736042,409157,127794,371994,182097,990602,984219,821727,461655,10129,691414,310238,491329,910201,926889,286146,922819,27876,106245,198626,364917,55611,166977,805749,326266,43365,597452,463832,119376,900641,929154,830558,646717,568165,365737,660496,180596,406192,757629,995126,306734,264049,542968,112346,221751,829772,874944,312896,389494,993494,139520,817694,100334,854851,224864,877313,849060,846055,114528,625572,35413,668666,767160,553785,901804,761999,816097,610230,823184,779513,772618,322886,896969,557046,642487,959254,213698,741589,71805,586469,222246,992472,527367,930180,998431,212596,396538,490841,622220,994034,500928,750739,621215,773773,161588,691047,658619,742300,278398,301660,68445,780648,694757,15405,463161,76351,5920,153660,729151,572654,347733,366929,305985,202931,505144,317781,611625,24023,734088,379502,325239,684856,307846,276645,932092,555128,630298,621461,35369,141393,708192,849201,294154,424182,89436,928994,577835,129326,545049,516702,10209,300040,442366,328698,378380,932548,943101,34261,658651,331802,286729,451714,267404,460199,391378,597436,899918,569246,158403,650959,214507,688144,607145,799988,607819,22825,665871,308504,420876,225312,292823,846235,423696,534692,782896,317122,877629,319387,893901,80808,907365,488875,13904,596966,244675,327218,108703,5514,975898,523947,547801,361375,768544,552103,338344,153998,584673,977317,123194,115157,517506,254507,692737,629188,146888,103885,978247,67757,320536,769485,701810,509195,952087,925237,98394,26263,385583,25743,141943,200949,807401,411641,877980,600531,480309,471978,471489,138088,854173,843293,237610,874944,621858,508742,57854,454753,356286,323410,713922,20064,945534,891205,206131,204034,876224,916810,845597,779980,886152,914969,730373,795593,223908,998187,886686,302773,219889,170089,286623,814576,560214,492214,949350,555256,198274,151607,126284,773158,104804,921737,537933,328692,892100,48191,294822,515249,240166,89555,880729,225240,700534,478371,578247,193827,686294,764854,513766,323619,113157,865057,65196,357037,963374,196631,150928,824881,609715,966897,19801,948316,115500,379440,275942,951168,894868,501507,476424,301568,335937,730433,164668,302743,239992,559358,168208,993653,368410,221492,96955,88617,358004,736254,678626,12297,936803,809535,31166,143986,494772,799891,319118,692105,575643,449082,659271,997799,288576,714950,454137,46841,129375,856956,714327,914109,309302,863248,535762,108095,730473,44375,702331,990225,225703,704892,388385,932199,389627,995630,915617,803217,500809,812988,907561,354742,209021,909752,286998,66732,719440,832752,474127,97712,214080,802320,180903,566457,151190,793091,956617,644178,210480,740425,386518,643220,812673,238223,616406,730290,379538,639965,15965,477215,330915,609920,557065,160284,253260,217420,134542,691298,828272,907007,836063,875808,456863,746116,703877,673761,810126,760289,226383,281238,692537,691323,854282,996533,449337,624896,736448,93512,120245,452959,819793,80132,333473,146284,676792,184758,71380,964874,22318,165776,418052,460170,513017,66027,124785,370793,853364,791741,879656,665058,533998,101015,728739,558963,118255,493109,496612,868572,927908,418934,495032,863498,669162,217377,415751,301961,105372,17213,847775,99712,198967,250864,13193,383620,676428,225604,254067,683326,533284,105931,676022,40834,857522,324846,511904,779837,233029,998515,149880,300396,926656,143411,824009,916639,973583,374754,717359,394809,77082,104339,306542,841676,317828,54895,517704,287738,218266,227216,216478,404536,513043,380149,576803,897466,969465,273352,85597,961931,427069,142182,979641,774794,554199,950990,968243,523184,126865,294445,529052,165634,933143,312315,581083,481458,358993,874311,699164,360394,791430,868294,445508,450334,338890,507694,851493,312594,373650,432239,251897,752990,136535,484355,662465,81805,789689,567447,284849,210177,481470,17160,6434,326377,783503,705402,271462,107719,194306,239988,851231,680429,332849,283589,955981,316490,935473,595001,831142,142391,603139,784106,623761,809759,971698,949358,84734,496167,391988,816292,795094,241551,926541,487576,205231,890388,875881,301673,195249,732226,643508,658500,933805,5603,288294,843980,338166,721181,570061,951838,594347,925583,861580,778931,901697,108971,396856,596836,424191,320841,951622,548040,524129,906975,793917,642179,263454,111115,219771,734322,551440,370380,815199,717797,735025,355141,771411,599401,384886,304690,482389,454450,717846,238197,148775,919521,200527,688265,239446,773108,795405,483888,221021,1497,764239,966891,319776,845501,213142,558773,300986,259314,431980,743752,79854,95792,405151,342380,309516,254444,663993,240670,635060,41536,460764,441439,40115,118378,39677,399449,632521,246860,223267,597407,261314,6069,412253,204057,893245,567417,378840,298007,511092,497780,654585,121629,579100,297742,440075,962187,601573,601852,211422,952801,771010,652489,773885,577102,761320,374883,679262,664300,955645,112993,693917,178722,352283,478662,558120,102904,244104,256736,605807,766946,856432,266495,834142,651391,379642,209804,997534,31455,73504,747339,596937,994732,827399,789291,667793,973454,66454,316683,230963,458246,883216,180553,989498,412458,274305,934665,817113,252044,886098,776351,894637,91849,649889,763776,642344,896109,145364,730490,246816,837079,188849,483390,838732,956068,675011,893076,177814,603880,925829,3206,675105,795812,604460,80614,32593,188501,910050,363376,56422,387539,619708,672412,668320,892554,578619,945098,789197,773043,185802,135341,735110,38819,455431,734937,22502,755571,656698,712387,281818,973691,297081,397732,83773,520271,616456,537005,512338,290824,811153,110129,629226,531335,147262,584509,342833,141227,204032,702973,637411,854493,280847,658671,810726,717583,242973,126904,686525,238743,193966,666128,508596,876039,577133,161612,132801,868274,13777,614743,99013,935388,302161,543410,362752,341477,998386,953137,73583,898109,702519,178085,376450,462748,681238,979314,108278,470603,2937,425164,947808,496999,672058,823223,272323,508187,390426,590812,379110,634361,160659,371662,729956,82616,48532,11276,542482,577369,65309,652531,13560,89020,132553,958465,594603,113058,969427,841616,462277,2383,93893,346814,130499,197574,981673,956358,432803,163979,773105,188204,878490,35671,621199,89867,803000,666789,779669,350765,137436,674515,294145,451194,72863,355777,355041,615108,482570,424157,40531,580414,44142,283405,689562,231324,26072,272632,942100,93457,931713,316783,903280,790490,524697,880134,214381,997480,244054,210316,990088,241715,81805,489322,805801,192958,797760,221860,41937,404781,143604,999070,544778,554896,163310,642520,669226,609840,758246,989654,801406,418957,452472,624258,702230,163686,135280,114758,310098,212306,670538,708444,614376,743452,432107,404008,780237,153997,336378,12093,574057,185575,578390,670141,926480,895055,950504,532847,661644,369096,351499,649536,590531,910838,329438,160303,13431,59494,343172,619239,685410,417758,898475,880093,679453,520309,595463,768055,477521,411695,55565,732313,144285,927113,443550,790235,143988,189718,668698,537402,528555,141531,431414,105453,779537,619448,892107,76748,170531,636284,594732,464280,584332,267573,816245,425462,812052,943593,639612,103052,624750,687053,33841,519924,175016,508687,939311,542089,560399,251522,505670,826277,321548,511606,579329,89394,626722,135503,122593,372016,736388,687833,87936,887747,893829,513467,845957,502516,12007,434843,618922,946591,23526,967825,46054,628893,370423,751850,126778,689921,667247,629013,804817,711965,77392,333946,217126,421846,669325,928271,611031,215992,488532,216859,681903,670255,440408,277571,254016,895095,237548,813867,758377,61303,53939,71523,254364,188154,520163,671736,218440,344190,641600,771412,518598,237239,520171,963894,777180,161509,564578,666325,927719,301077,741303,91836,190958,722773,488043,17033,426080,640270,43833,398850,430750,905615,274373,580827,431438,608491,949289,317839,99270,259195,112914,106107,797780,29187,977065,922175,444686,422246,689715,680002,610587,78492,34294,726882,756938,28215,796972,175473,120927,761607,522301,241165,837908,644000,214321,918140,926957,466040,649534,111001,651718,319370,823910,292326,790397,788374,321519,658946,875324,841234,838953,421768,853,900455,88574,904245,984621,143852,950199,212315,14177,673478,277035,576591,828317,774666,358289,327354,456403,495268,201397,14056,288013,928635,343519,464077,851146,733135,612364,378981,148924,47229,674827,739959,250754,197219,201545,622831,843702,35285,943454,586909,7523,484649,166221,537285,803773,103011,794935,267851,158359,487795,427329,168835,939178,180461,484045,356608,624207,296683,995733,894208,604876,609896,540341,845,61768,895136,778999,598951,692396,189679,701726,266796,845556,763091,598581,581612,465758,797120,607540,504497,865979,709709,674157,449301,339013,37889,583911,976872,594776,401901,611765,5326,298977,853819,888091,590315,51130,929018,245343,519788,798519,811647,566067,379497,697206,55204,517202,761760,677996,263533,517711,352006,164018,175635,639143,636793,696892,465346,223610,826605,341822,394744,518347,914740,974968,13990,681062,959481,719062,94765,478330,350291,998567,588239,689204,390125,778790,621631,992454,980265,36648,368250,672955,247902,979251,966227,745048,615309,574010,920844,772065,986349,4914,31644,631229,828058,986287,18702,27309,975029,356148,433132,983171,700099,523538,197311,134388,960875,807419,302615,760751,238861,974117,646198,913088,82611,54349,221668,650265,405069,444609,842813,788531,501256,135017,710552,686742,330270,123825,992534,707323,309512,988223,395684,376307,760829,670165,985701,124087,864511,636327,10283,426819,686451,324404,398389,867631,457581,623505,760194,449486,377215,95466,883976,360589,641243,107045,940678,653096,868190,507879,672638,964259,79193,675838,207069,111583,880413,859150,426264,592479,557508,842021,241925,16760,242198,929522,951094,436324,416392,333280,624331,633678,11890,163685,196498,604785,144344,161395,768438,457072,134485,93188,801608,937515,630225,104168,660446,612934,408976,137827,520869,108042,27121,672009,44493,757103,747874,919356,351934,249300,47771,943357,102022,250809,41639,65751,487908,850475,782005,837887,448289,406312,707136,514645,526313,704719,386335,890512,263701,41957,780648,344350,168791,629807,669149,849440,833750,971284,593582,721054,237306,303754,792542,328575,672584,724669,143414,899070,593599,449921,733315,796328,582129,426100,150062,618546,586658,992527,762632,337141,463716,950557,957518,516639,876350,579151,187955,535839,613860,699914,945117,160549,155162,859887,682290,631974,342437,18724,818382,801098,409542,961456,834394,291397,773911,270133,126879,581825,618297,620499,313961,966956,829232,116520,167860,208140,660171,312758,546824,670675,869436,698160,525205,950710,246828,401969,302348,233107,114575,778931,219761,295544,195247,343398,708666,286806,48338,722130,981993,644101,977565,345451,189010,671076,840273,723274,610053,809487,451255,66079,58111,744977,96602,388936,185745,940047,507824,451582,976881,314476,386944,765471,510363,821930,667849,644261,200421,459888,818334,671666,955413,512331,965941,517115,131146,108032,66909,368614,717920,732776,557210,627039,374975,377476,441741,547567,133904,504978,494802,127009,339163,869978,801141,398876,772149,352570,40277,955596,20077,830336,322258,182933,345128,36649,211165,127440,237138,297463,152657,796259,520022,428892,914281,921121,120267,885356,700834,121132,71439,735134,404529,387432,157860,784432,182085,4034,899530,204018,248266,342083,896525,833063,880475,725731,593578,75395,531138,677894,651180,135875,939600,413518,398214,855975,764299,749278,915534,282648,12256,537324,62519,437584,211866,193425,534824,624009,532482,839309,119810,537285,761772,76686,264758,52823,331741,155436,928052,897251,742875,955776,990477,398861,374996,813399,114811,689026,326367,822644,290011,914093,574216,72678,320024,606657,839639,249044,892356,830734,241643,309666,971042,122427,751581,378940,498737,640073,187040,56125,279634,281770,698399,968335,320865,321791,161777,720227,303204,926523,631889,421907,992491,288512,466447,249738,867438,608928,335058,228761,723902,727798,454253,899056,943755,104311,59525,960545,465441,387848,922977,643402,806862,548107,956228,911083,28786,663536,467532,387786,114606,310195,181840,824651,436650,407154,41802,33487,47587,500805,583831,340099,195873,702057,4910,933124,449944,912724,964478,554363,668043,796874,87349,323442,489327,284636,697069,468996,10362,280672,665364,357819,512414,138384,146415,532621,651735,371836,114858,182393,151249,954406,651275,772523,457721,91002,545224,997930,63578,576711,141050,134648,904242,863398,102289,740569,428669,769008,704383,608643,416251,479568,161020,765769,664933,18668,814873,375239,516057,125243,154828,525198,259058,348535,421053,725811,545905,578704,198275,972837,628512,807353,541047,375439,312126,4687,503343,732800,459890,744666,975802,294988,174311,723383,888032,544024,436494,715863,914903,599970,283185,791128,709625,555129,314919,621494,639418,89408,788297,540716,912040,910053,168618,302569,843887,71334,553582,184126,850057,652346,898022,238383,77681,899890,760834,992719,177463,150495,780235,466654,941764,397920,658370,224571,396093,433352,724112,829042,883683,786124,658245,455469,985831,542036,485565,674189,834171,770164,471178,511689,69162,902541,718489,604079,688971,906994,988932,642537,347163,107548,66511,786706,229615,529803,700757,544347,590607,690944,814728,419356,425312,849804,747216,448079,410489,935209,531047,151729,541214,932067,999459,362972,241385,216648,389825,495888,174546,226357,15816,140727,68522,749514,436214,846867,4334,305251,478023,763436,501051,14202,851275,722356,581535,938766,43473,680146,845933,523660,617127,389828,62714,802484,280956,660004,857175,70910,648842,998302,79954,705403,654376,23136,238891,2470,646238,641994,667270,927819,164715,303056,714749,163962,944241,76797,958740,534911,407634,346023,706909,816359,839179,819591,201823,641647,432034,694095,637280,262577,427519,605560,970760,955119,229426,640442,350630,369809,961853,69197,860311,38136,868956,775047,782867,201380,269029,377996,11872,777338,422427,599215,395670,978487,688186,937646,867873,309143,838017,692593,496228,218454,665981,717733,660649,588263,780849,144112,455109,730764,341860,567598,306297,759079,101341,334490,779805,238907,216650,2881,43355,660446,421794,399459,99768,274724,895438,969215,910893,420281,761687,409527,192181,935928,112696,584355,382309,748545,469718,930576,74041,291315,970584,487834,244079,792186,412858,888310,223924,486425,44148,598543,732401,849586,68820,746061,655165,6278,291253,745831,163398,675766,207929,437608,655729,78139,447808,719143,826354,7429,522106,663896,384550,6696,979976,786061,98226,576436,844132,390709,30669,943221,377600,916825,633016,271640,159477,334515,8772,88980,220903,69106,380281,232523,238225,142343,568132,255869,881183,231043,133672,880049,870619,397658,748246,986730,720304,444016,145389,916109,726143,807799,542234,92089,862523,889899,294666,432276,428410,135182,69079,692123,724400,318785,324023,956071,410493,806459,672053,729338,893156,289204,275874,482782,574032,494735,824215,113783,994350,550529,710309,812927,195545,325282,473850,612668,570636,152156,671457,306928,313957,924027,768533,822005,917141,208050,902406,752898,700621,58811,342153,602539,956488,566643,820604,343655,76952,530967,768574,702470,392091,988615,941013,466654,553065,744049,181354,618049,450811,238886,813544,305578,45170,222605,467489,813884,771491,265185,320302,168867,262709,556464,745938,883088,916246,982441,503585,912418,982814,992642,698603,217904,477595,845368,344434,141206,80945,777171,896190,682540,192314,891426,123498,429627,38451,835772,896178,382479,53791,102680,211765,424557,115584,994001,34766,921522,157951,296599,122107,121558,790251,547037,894883,161764,575293,553368,331505,856133,299363,219654,132173,142569,413628,527033,227445,342450,353336,41863,570159,294666,316725,150777,942778,276443,105746,427378,359732,698686,578380,984349,163353,63746,326148,821266,627131,112029,354895,273098,445421,67271,466238,80341,968949,758047,603202,424727,661339,132210,950462,534665,47408,541729,508490,367242,29532,713349,350712,766646,385226,831868,962906,24240,61119,681319,952477,546011,414268,269110,772932,738196,741011,62176,68078,999265,457477,670954,382267,244723,86747,7497,897337,214910,843237,103311,455340,252395,568828,600713,281875,266009,270081,320921,373187,900105,925385,297174,464620,995140,330311,78223,864473,449155,760994,804168,471280,978619,712851,380511,353983,947478,983167,593604,727142,573232,833928,629103,434606,462776,137116,531963,959135,271653,68073,507525,607200,945091,775668,959450,359900,276718,781916,738166,828072,941021,229056,276111,311491,20500,339394,559708,457206,809562,139999,813066,948683,643512,857560,509449,9645,37816,315835,409084,762657,26404,803274,782465,352528,159270,760113,197269,487285,790906,38840,763603,408609,997384,845260,205162,362619,400024,761369,29061,443937,672908,107143,343674,877167,235868,422104,598508,907914,236956,156133,610122,231350,94298,403961,105796,754614,424464,360048,846328,168051,922220,502470,437167,677974,593575,904036,100796,124270,348127,177923,453611,182913,92043,495548,355040,379510,859444,592325,546594,113524,920304,291208,267062,833168,575135,833771,364177,934646,942345,985113,100031,523961,360833,461455,755095,289869,243915,432605,170875,901439,326369,711447,667679,850656,581865,215975,362106,145888,733223,525067,937097,736636,608172,289115,594072,553578,36667,618760,279499,932867,23345,819331,500999,629613,54419,732859,176432,972394,211911,360430,64852,56766,17176,103381,302178,119620,855177,567024,617804,557269,28492,1649,806372,687870,148721,529627,260867,962509,3710,854840,94579,243540,781406,963602,160813,104186,769896,287075,280664,160133,555730,519912,179444,187865,275080,976782,778416,9704,988063,214718,818731,868077,868431,618979,35036,487835,659025,458755,524092,953023,88347,621286,541765,773881,343533,692295,154687,908138,484406,951211,268967,861780,353576,811347,776493,818776,431566,936396,377798,950300,730248,745759,62158,479363,433382,735787,842529,730209,853524,731642,674305,480005,401326,779924,212761,326369,946714,76757,83404,102030,872267,159113,164891,702837,96502,784317,628029,629865,546171,896138,594367,726071,522319,571617,750235,626416,625923,176534,929861,557542,738706,256869,124216,562658,732535,312794,712994,977645,79678,123124,543937,879463,32032,744084,572320,25137,617905,696587,265315,738981,544057,491847,339150,530138,569940,193347,403053,338233,734410,598129,452253,524758,383485,244639,215197,678627,213032,35160,780768,121670,215331,906021,168827,117765,504702,918250,421695,431945,477371,620590,550038,115430,737185,386313,566520,473634,96787,845235,243907,325765,719049,959834,575953,192210,589912,669758,28207,338284,183157,55632,107664,128677,383045,707501,26338,186527,322698,217671,379780,808546,105531,102481,459280,857433,846119,458629,911563,706184,539119,554787,76362,680542,566907,159558,77046,610328,922469,330428,31605,555381,896202,805012,161821,312171,510546,895183,71055,950181,891780,824712,421836,60757,622301,578258,543580,258985,387792,59695,900341,244159,988776,605316,221987,388558,395709,968964,757048,2040,347535,115924,506461,798522,761687,540635,86874,560522,873100,439281,855668,664586,264915,644299,840353,173113,579999,948582,75286,178375,223767,633628,300997,893901,914862,58955,899490,359388,851149,675290,82848,862196,563035,874819,1996,493826,22862,720656,526515,665776,872763,609279,191928,264322,870125,148709,546202,755573,248420,868239,5523,825782,613015,107312,438080,714284,389052,993955,337376,699434,555559,765827,346167,414211,915004,459620,843366,704503,382810,759030,165099,850964,275328,467087,14807,286940,434980,730516,338544,250948,194510,749246,620374,794417,615513,480802,226398,200369,760624,210119,738289,352413,885298,451709,121529,189249,143994,80073,813444,399733,63389,303334,302366,256354,816703,863673,246509,309551,396924,394225,446814,90982,819782,363275,506282,594382,960736,660505,112916,327695,73530,935566,980,26726,163155,543016,363242,241145,990413,150732,97404,675244,411243,533706,99266,474785,135149,160257,551053,106470,123748,43468,83272,77090,844500,463945,565075,743520,469368,183656,243429,142563,210486,909918,440473,530118,659193,564087,675377,522542,264141,232239,232513,412538,171709,109212,367695,16650,666920,174808,465929,320123,301226,80397,943017,160410,801195,388408,701016,422331,447017,789879,268656,114591,639604,387160,767733,897735,872661,933096,52410,920175,122643,963914,849321,115291,479567,817917,114510,252948,764515,780830,332464,819987,664077,167749,884476,296744,623745,934670,541042,577138,99510,655057,289730,758789,46281,671345,507639,408922,633231,454853,566270,58487,661553,835053,653610,841067,944000,475591,3235,746439,997220,112287,439010,123220,137076,396671,547536,825633,38126,733755,674602,507485,196605,189500,668129,72082,872846,173149,904096,174321,434583,380126,722817,592338,4320,852567,428540,541324,871417,689147,682499,788049,251752,646249,967071,827855,427060,150376,639264,254926,514569,893879,174052,694349,97118,324555,708090,99677,108869,86941,995863,69057,149611,835106,452320,989257,574306,365248,208080,475468,488526,192468,623589,590855,23555,458570,261402,857555,210338,606476,615273,795222,26875,352038,245371,401661,116467,445909,794823,713012,752250,16540,890242,355034,672334,30059,207844,572559,682223,49049,643947,899131,513295,473156,817850,785805,556690,752800,909098,57446,930110,812503,100159,630886,227912,401523,930917,367403,185487,845569,425463,376210,50606,546585,988505,687464,781682,339519,661111,762942,2621,177408,422624,149164,729156,526904,484417,313292,268660,889652,100736,338119,134193,512587,346041,409035,222401,304039,234160,125353,39718,658899,851919,556279,319281,693098,806659,387190,542447,353341,163928,770345,409138,128264,202701,788686,784604,749790,96611,693804,893748,869945,682564,651040,442682,272783,553585,195460,67171,822345,313451,192695,191605,528492,516797,854105,367812,272160,591670,662639,378701,203322,232207,67867,102269,30604,712013,837776,333165,693629,299268,725072,904203,230638,249218,931414,303083,399950,674337,221477,738964,766838,442503,210635,156565,596422,521074,887882,363199,401111,767060,809194,953546,206030,93275,510858,250239,664744,13453,545487,467960,2327,780115,139024,917602,714478,830462,488527,711229,996711,653479,622395,923714,900012,699095,483384,434123,524327,299868,395031,408663,392679,385588,119964,186581,110841,672134,895279,732175,640816,725074,565291,601078,47445,587441,282323,807856,104954,896227,830770,927225,600159,117750,980778,770190,303642,100721,837676,408773,334612,844460,39212,419397,987510,112819,587241,916067,16149,700325,810942,918640,21202,387185,436112,499737,245039,118169,417598,313163,138429,387234,867283,397006,594079,141886,654694,908580,754559,306580,422474,902334,709221,374882,653241,989970,108059,777600,409922,698797,358633,79179,299817,477905,606330,829,790572,327908,37773,824524,850915,355340,238640,942468,456514,993822,905119,641337,627908,703788,203597,548248,546395,584772,421675,817253,313922,888005,638630,409035,821590,574684,898984,594595,101895,758595,742004,905004,17138,688969,988495,973092,575490,219335,180637,371930,7992,45426,18750,849136,915130,428615,244817,225407,714332,277881,752009,406912,183243,341901,868882,956322,90638,676074,186358,12784,226229,828508,266333,975430,321818,742887,650651,425073,254373,411931,160129,242221,409299,210136,646300,230064,279330,467076,214575,460177,724767,374867,749989,31284,482269,132489,801281,520838,721000,997216,394860,851082,1791,409207,356702,342642,774776,274088,143869,316712,501609,973953,993824,397086,252606,653905,764613,779243,754217,644987,81894,343197,660717,313571,437386,756871,437462,37254,616296,379701,933764,535220,215506,531045,211839,647773,24509,902637,652788,645928,725752,922652,414506,213626,184320,461496,531367,162570,305884,470162,650188,422369,87787,326285,841684,297050,797766,726022,62309,878921,140793,830093,794128,205524,190345,225028,717440,563178,280249,424840,142057,39052,782268,186982,988429,200535,190280,895799,316737,60247,355691,407232,472777,926567,339064,740487,375060,22913,906116,187286,25725,449368,95109,484135,449724,325083,858526,78614,606122,247285,270535,635622,584674,826038,364774,583688,859978,109222,749935,623169,136141,600438,624418,742611,602346,614245,993771,81589,526903,542288,795131,995915,296030,996838,833798,964527,529314,94132,692956,57058,896527,258488,634037,219331,480616,565512,839788,738068,146500,800820,812012,26486,245539,710772,86419,426997,977817,947440,258724,904868,443770,904264,557567,134527,484536,188759,13719,608813,29429,397934,654517,722163,927971,948766,673162,585099,576441,662981,866632,453663,247789,65410,118717,587241,896415,599260,560585,727744,59704,707403,770046,679042,75295,824686,680182,628640,548795,57898,642175,926522,32810,87629,170357,965309,960037,817348,990781,806112,598893,130903,556698,485596,826814,649104,684567,469418,175718,316067,172093,492341,199816,714102,857116,249478,641753,425935,178031,136295,255734,326638,48119,570331,99603,5652,631461,358669,797906,419070,248351,375250,944960,230876,13549,197801,809290,372718,362325,481920,310243,456926,183402,822970,180616,800386,14257,159006,225452,187765,744734,190354,951635,402998,39642,344800,85264,543351,208638,19643,835067,313583,791143,186164,161263,335690,818951,314720,537750,634319,325905,341973,701512,184113,849001,16132,860620,533485,809847,385985,951424,884400,265115,524300,701308,710742,620814,391664,643672,502763,785738,32873,860404,652317,822128,874668,74337,434064,662300,86515,365528,951815,910595,9834,334800,141949,252579,694661,320302,565121,342003,964580,841060,179172,471352,470093,94348,216567,461074,589137,962568,590171,983029,763446,418030,339352,986356,662321,903056,338536,32267,678501,142387,45925,301922,541206,831430,420139,227240,610032,52056,246710,543352,984374,362953,650051,823706,258355,228182,621350,641720,873041,344154,227773,184913,926964,337234,33787,300081,582221,4162,254998,648132,328840,526986,51905,183001,95714,356298,550577,743756,817217,523005,228408,125308,443669,251903,413032,13164,178710,850160,105944,916136,293213,229406,139497,368614,944840,379691,181986,165360,493779,158125,443457,769433,812015,71213,993356,912031,558541,911173,885920,847635,841613,197439,316798,82925,737931,396753,686053,619748,548966,514695,555170,787236,975096,467363,626724,303039,318642,712120,354225,183464,825784,982235,354777,685214,548987,506318,579363,21456,986689,217867,652036,360461,321862,806939,829973,570201,751867,329750,66138,438311,226891,668034,72911,706252,213803,619183,251806,672493,976021,468276,386340,73531,469181,594459,736312,78926,649581,81644,698571,564291,98092,358769,848585,457953,771220,864946,679757,703551,736164,991028,367238,741596,330988,896353,247665,353968,431697,105707,638586,124988,469632,776204,680185,666129,224947,285922,832744,864121,412750,670835,574069,797762,645427,437309,930090,429005,973861,356433,823892,149024,863541,131028,346974,724791,597261,120113,246243,408240,554006,519152,250288,893790,339792,12018,474264,66141,217330,417091,152363,502654,433109,813167,980724,17853,12858,106930,249739,584485,10961,256715,696085,549541,212450,431524,828453,2996,911056,918788,900222,178704,189548,22011,643654,751587,756042,9069,635823,850378,80305,105482,513261,309981,16328,195247,808710,385236,262544,561382,239836,416094,466441,953751,84600,817189,49106,248655,917603,665265,246997,322539,736582,861407,411473,198445,386390,11193,888131,914299,478460,621835,213237,575902,91288,751072,18584,915494,456004,775888,644924,442741,698108,943995,320716,103934,818043,655455,902046,11077,713459,152159,594249,873566,80052,989133,109286,477615,430782,694743,270416,416769,882554,133893,776715,137341,101960,612934,928091,33330,709022,694444,600485,300810,403395,236124,147760,248813,221718,443984,660086,222470,71103,62566,421862,966867,66791,125684,551349,679449,802715,68517,681553,447926,244061,953187,244431,370127,844865,142420,107926,716697,726752,509853,128487,294397,551297,926595,24839,9858,573505,35928,251680,822667,111304,235528,317805,883905,592790,458440,519931,130107,961526,661930,542349,258762,475350,78031,797769,793255,970923,888062,254819,221740,540155,707672,791248,179172,935540,629816,65997,504423,981905,539083,677800,610358,647780,896441,285357,14586,782279,745563,556955,876165,127259,650047,145882,16600,356593,452876,227519,920402,598516,317072,189990,933295,564577,366264,666576,782826,626687,596197,429551,964399,408958,198615,340989,965176,583712,937740,800223,295933,578628,963817,120685,266000,977289,469389,325801,28402,414365,95923,335995,608592,973763,786918,2054,726396,899759,574779,883313,506120,651000,95981,620015,324171,266684,270119,816043,508732,823774,553163,444140,786183,786702,281600,839145,623600,216660,575062,183149,241306,435497,356938,13699,217655,514438,728707,412856,856287,975855,385917,364558,998649,376777,748515,437077,923800,78323,685913,281706,604026,485574,166431,582698,15897,601017,328184,737722,60973,130446,982702,688101,946633,673681,155309,293734,371430,793084,915631,233528,554118,901905,258148,686659,6747,18803,692975,235381,646930,496805,107698,154315,726915,777808,76251,743474,194418,157848,797662,98682,350406,557383,878186,179322,540757,530937,275987,984652,912268,182447,240225,384100,564586,978967,388746,744184,947774,296414,36832,304,308335,903159,30542,93925,267028,338506,668364,842540,4633,894621,138746,706624,997997,96926,785612,952837,301902,11023,68968,412836,499158,188613,353286,438249,723350,764980,985777,443775,16648,412902,659367,832989,139280,760589,78063,876118,292200,525172,77201,944233,329372,581214,797169,38702,169031,1357,282680,4539,375229,526606,541298,578642,885347,339111,461529,316901,340958,856756,539072,132305,998121,437999,563662,9700,392505,793983,628267,406500,19734,592352,204123,623751,463298,446177,899924,42780,103856,473443,262973,392811,484309,952647,561986,992814,450056,819388,149819,82806,349297,329524,232831,406234,111698,8566,671126,850041,999666,886346,666891,493232,605826,520591,926962,571958,858811,220284,800826,416860,409262,497392,127510,372153,297826,56208,21441,214041,1119,222016,488403,338322,413743,182432,334261,625769,550192,840723,623144,185735,646947,325446,893856,599146,473702,615620,120187,26348,675,592922,303349,437842,92484,763987,67395,79824,159304,649354,776433,291495,110994,798759,245428,985097,784938,437250,729818,717681,317402,345649,398980,62904,299337,143935,571086,306888,355073,98398,524904,671842,181658,949840,637338,661480,51736,363516,975645,489154,574472,826912,219192,963896,830682,679356,113264,786859,912675,241480,446678,866742,275804,590673,531143,664420,453266,553057,933911,699296,456124,518053,717645,985658,497782,853944,11699,302349,780444,611005,970903,919601,536163,902953,679369,85659,965763,151818,560150,674911,957776,259664,624724,627827,444464,637593,816894,238455,922887,562206,771549,785353,826821,187040,360543,401901,211370,820108,741003,825781,829182,533760,167639,780461,841567,389303,716854,126610,560497,907197,295669,302032,497066,335827,819291,208185,22945,987989,100385,973718,195802,621947,767190,875170,313606,798845,747820,719674,451658,426552,458265,843832,81811,275914,180642,420652,973163,904509,281342,117246,927866,548142,701763,927014,213987,727577,321318,564106,359985,173687,550613,659641,225487,20368,252815,286219,67,560532,226594,680789,626376,233966,697450,804988,812816,996699,878820,255425,668799,394169,561988,851749,871836,223219,233151,520412,465311,402216,326143,363383,36212,452100,311344,201011,202349,846906,177342,519099,46216,565540,374484,8647,948855,907394,197234,124874,175377,586138,231649,522053,446360,399036,648242,349453,428978,454432,106767,719295,920740,573853,482051,501945,275474,673586,391919,674721,623069,200125,84136,200910,45878,22296,860282,739214,212555,227559,84866,315361,468108,108051,770048,512476,325409,443420,402344,963501,689203,984754,348231,525255,766631,70757,140798,941565,726375,339210,914433,239394,719740,235404,911098,447586,337854,724713,294455,141935,861772,353824,861286,687425,266943,464078,962837,74978,624274,319461,908504,396097,220273,261818,251829,755183,268835,357074,123356,319000,945561,346721,314039,432682,569767,143003,962624,265426,695622,27190,536414,431832,840937,901144,923482,956424,877764,967480,955387,478508,946001,178962,744166,635053,282214,930481,316980,39556,906091,804302,173993,993877,842873,149029,282379,84868,186402,717183,650130,416104,673411,707661,868779,117457,209041,723674,413323,675507,687804,324408,54761,874435,739654,31833,123547,487093,800780,84362,885430,687548,129720,872559,116871,164397,190184,759773,265632,107305,591035,210542,877743,541752,141634,201400,923096,139892,691846,289713,327271,114355,631395,564869,39101,135137,342998,389880,111349,669634,926674,135878,123981,268733,635522,811904,717069,946416,912918,639429,161940,619046,259985,808175,377262,30411,486814,21496,542992,803480,54323,871120,180574,542480,715178,84748,807995,512582,209732,782729,598682,611812,182749,962710,141932,428096,872952,265897,915407,2869,604197,420264,694896,388206,369122,462085,920054,662882,906245,387562,929601,150225,117488,259690,919379,459807,840436,210207,441842,57539,230358,209140,171475,157290,295782,711556,654269,972255,346802,702161,266462,483818,734616,320827,897303,54224,204082,128485,833708,667641,489715,985162,431684,366866,221165,216890,250467,368007,499006,644613,917633,330317,855861,127399,552592,243648,434375,931852,241895,78290,275158,702538,181549,333117,147425,477516,649746,982689,903826,783117,725107,372115,890453,3082,257690,605634,33832,331551,340705,53663,488432,484850,6152,501723,387636,286183,164108,822943,699551,285693,77132,79352,5016,700445,180153,57539,96703,604982,509388,178130,26293,610232,106878,629003,685014,663695,28254,245127,850097,754082,975073,140899,339413,936429,605140,824437,921052,379020,521452,919971,304708,992367,556202,704908,207029,13738,354436,602006,942233,946089,418970,455527,589604,415317,518818,84118,950681,196083,168816,419430,997858,339517,138622,615257,501937,520209,87804,18745,187270,528418,790376,588473,526554,459540,271965,124745,340595,913875,445394,493697,874008,70754,595982,642560,894870,868734,838764,599519,592188,417468,452653,986956,774829,30514,439260,255748,623133,400111,974890,9980,654303,190443,29303,957062,247539,888305,497000,143598,875780,638520,644359,978085,495618,793230,665987,667865,801151,443825,496287,175531,5975,833639,236999,930399,754600,54811,620946,184318,835963,239184,205447,170111,404381,886337,435718,717078,224450,1012,551145,230775,963379,993399,666877,416187,674618,529155,314789,42735,201178,204596,135049,311868,539998,401589,243428,741884,324334,712546,655670,328504,674581,464430,317791,344013,851505,431388,251085,907438,898856,832614,821873,747256,946351,121881,667068,991957,139850,765408,804791,867543,99638,47639,979011,600713,966199,949315,654708,285794,191620,235499,292127,420186,598035,716020,452094,389513,57947,535243,326410,520335,938455,33248,378471,703219,355102,194126,398395,730224,331877,263038,737747,909271,471672,777946,261809,908407,8601,422339,513757,800313,969434,658118,567374,681215,360152,675694,43988,376362,283649,467281,559654,803293,426855,673660,437609,980166,596980,2164,265604,375996,10370,362903,500972,331667,955448,44929,567517,657335,112417,998203,605374,103997,311907,942023,144371,967489,253064,905946,442535,632522,705141,88606,640024,31718,725665,771813,646858,95092,110576,283651,63911,104512,41254,527002,602135,713147,457684,972351,770507,554559,481783,298492,557374,632007,608891,677975,148390,803961,46654,197821,187280,32605,509523,905439,741166,544514,46485,854679,121837,249997,467642,778470,935495,933075,641703,645717,248574,109398,83947,780644,419672,6581,273632,371223,11671,14445,256355,597790,261342,108104,163412,501959,792695,644660,787979,466186,496346,273885,811700,198049,110464,421776,42431,133785,51116,60089,602724,508582,555645,335535,504187,104805,557348,777961,782320,553365,931959,100933,131225,489380,500839,670522,422493,975819,955192,939980,955292,908377,915094,159853,514721,789608,909935,235772,567229,770273,692464,177068,208594,239654,960561,566842,579914,486812,781077,909366,989477,109326,891822,337094,495105,544191,262414,4630,3743,316327,837373,96458,263094,827610,84283,825138,307203,818665,645128,207776,432504,928333,712610,806240,254611,451733,871000,713708,146720,682833,193917,651870,818704,98626,347487,834593,817375,983605,248065,939503,871299,581678,251327,693673,936965,732042,633859,861207,170848,403038,999732,871373,620989,662609,7425,887024,955242,674123,437082,954024,468324,110275,761161,515715,541005,456119,282405,481307,303157,510060,35957,149241,601048,590818,99216,587758,216135,713927,440233,910763,16181,963682,37017,437092,647571,10810,803646,443369,718420,89215,361196,452235,801027,587257,984035,508483,549907,565494,330350,66153,265890,555598,191222,687509,234805,56424,691053,738261,788201,109826,811151,886888,418098,505313,664979,835138,509557,250130,470269,544236,985041,534487,511793,549418,405672,117046,38845,567215,458682,715785,555774,374925,507413,32532,508663,797610,789185,595654,435913,229584,370308,56835,491822,713650,250746,263379,18403,319211,410039,804737,247941,486986,386207,606169,918468,723487,802032,476152,63555,398905,940634,415840,166529,639914,92568,594118,113426,468620,475541,491179,390794,639008,44610,1847,360249,910142,730067,774271,137216,194134,74955,829691,122585,165761,984576,976085,164048,86342,189152,91275,712776,47891,465713,597448,998948,167206,576145,543452,620595,29615,85200,461543,463350,31691,644953,180405,809070,667910,228766,99495,933368,926436,860911,615624,647010,65053,939316,361514,425778,203817,450703,382929,117815,154741,386143,473324,719336,507167,26351,359723,669757,476020,810734,484156,814660,960104,143957,811362,364288,937912,189647,930906,740625,784126,128204,359857,48709,557569,381584,718089,872345,274273,284687,547784,876090,947587,974082,249906,150802,822034,161018,295876,981278,270258,100605,583252,160644,336906,139111,782430,296506,913222,872248,476361,768401,898271,176876,852966,182335,151388,293967,963966,698368,533276,245675,223990,401683,970764,969067,708049,575343,445425,331098,17441,534969,949939,384927,40077,458046,459980,257716,358446,88368,379902,669874,963865,414478,991732,772844,38064,188106,122654,726360,682256,725261,46292,465898,241843,879543,732572,610348,257401,221110,644145,471877,694724,778313,842039,6871,428780,120690,126442,991285,827902,770451,941122,352690,815565,824429,280380,99013,452573,956474,376943,43304,969663,5397,446612,591459,233773,933738,989515,677015,617873,519159,320925,743726,276199,70237,324240,531778,5899,814746,438931,668075,609920,907105,480103,45975,971552,755060,795123,415020,417921,767949,78541,33573,730175,511895,156612,632626,714094,41589,915848,292174,922558,7597,403623,200029,407258,316123,929405,592237,351654,248234,212946,722533,635992,851040,842479,798212,278654,504919,76406,413160,54126,606634,91624,256854,310947,315025,779941,419347,350265,373238,125953,296175,609495,949835,47423,875144,147300,843723,578981,740821,480022,108911,529569,313575,753544,635571,18140,829206,138293,765005,65451,168380,67368,877522,49863,276928,367194,349475,253265,115255,918534,613936,113720,194273,270041,671229,545797,348829,142048,909250,298294,736397,20783,401442,815722,499166,401471,975016,922740,391424,143866,434894,490946,315227,5414,484705,628623,227865,276580,420004,700990,971116,712351,433041,668057,952243,294316,450638,343908,517845,379034,245772,613052,129712,18102,195644,182114,973042,397746,894525,56701,990966,959739,498596,148767,466378,733508,764881,796454,621217,866246,847784,529722,179103,248960,166491,569028,541321,357300,316764,250828,510447,242950,112657,709165,701401,417054,704457,909938,277519,504678,432782,779630,253939,4038,663485,159789,330834,680724,514721,802653,456297,392303,748074,359700,820430,616147,588011,63344,89757,784281,582022,399522,288393,317504,231548,378177,255926,875724,441507,245762,992189,343295,29360,245850,560260,738715,591382,462226,768388,679065,141571,844571,13851,994652,690527,267217,525058,538876,522388,987162,943994,800966,386941,698169,397863,347893,118308,812183,689518,186777,141526,668165,460035,443451,835550,796004,531672,328833,308545,506809,534140,444195,69222,300035,810422,754131,351049,383439,865007,362290,904186,141905,300783,592247,64265,244413,780499,749737,468595,997988,105960,479215,800982,469476,894604,850890,264048,867270,450733,181672,124661,68777,206964,757641,672609,228583,159758,196898,670349,597264,819039,777001,586388,873002,80712,551658,88111,150373,281480,258847,261612,224847,29583,938759,994159,36973,204355,369576,818828,202371,851225,233791,312248,232544,82613,129542,22233,157496,745474,575431,117807,630264,218233,776045,762393,5845,369406,171921,410626,710851,183431,192067,567602,7460,789940,648677,665499,741404,132130,893886,86861,519488,469636,535017,149623,379028,165952,390263,356907,111177,510006,110657,179526,835211,298929,203561,744343,364608,667378,581537,458631,649218,905711,232229,668115,411950,185655,779663,421534,253662,463070,362541,175870,180663,334961,707713,569853,939220,176339,503049,453674,751572,117723,546407,55347,755141,160967,486589,990530,869187,141951,443051,47210,59418,762460,95250,21958,109171,36570,97272,681100,771092,691910,680347,622264,143133,496914,296807,56901,908364,138872,247162,692325,871440,579863,916633,515562,275601,843115,81838,928289,109025,82991,776372,921803,66750,46536,662220,751421,4967,378622,821936,762313,501385,867347,578300,732587,303149,199307,416453,417630,314241,707128,553657,142855,872739,303841,839666,192885,841911,784596,384357,510142,206806,375351,976992,774128,64583,768284,830341,509002,866485,58340,671722,745575,694932,583574,509711,304260,484955,249303,87957,919126,11837,992011,12780,529341,142699,759193,635194,420076,155729,679859,32566,126421,381514,548383,652396,130400,415702,280124,691907,728958,517134,471496,262638,492686,397638,186323,244498,535070,156003,87942,132842,116192,215011,278771,812007,909378,960502,200441,114759,786132,768771,421786,789065,153108,782024,507519,183953,776551,470795,170971,197259,112022,890818,490981,645281,358984,299034,255577,887479,505109,784669,434661,31371,228860,44141,16267,901957,852885,496032,446724,691681,982703,711365,582546,386397,144889,5376,627163,547740,289679,610858,74366,350676,164772,139453,704263,103836,801609,257015,743777,311263,798026,230289,45281,759005,685389,74385,882072,550707,653859,712965,500464,937565,284896,174832,784481,267628,214195,980569,480381,332545,212766,534886,860512,761039,65079,398930,61199,492735,801202,375547,193134,518768,562068,131651,686681,555428,910046,68403,651551,723571,253707,322189,47986,827742,508079,561238,879088,416200,974234,69952,344665,422332,753618,73928,75521,681519,627614,291555,286430,90209,759046,530692,486699,153288,75667,912958,825211,802954,211772,972975,442039,630981,396819,597903,660349,911122,944287,286019,463185,524263,980417,539858,910455,908308,765807,441562,652521,74244,387099,314078,105799,646872,706818,118826,735196,520723,650651,326277,57067,296340,473393,826941,9562,798597,957262,552228,24602,922581,256930,878243,776588,749320,825734,866156,939425,974189,361785,38798,605756,918823,965765,796210,268120,836184,304345,3932,247750,54557,580535,257398,451086,786890,215296,853959,71684,486324,745169,596650,596655,116708,679468,987416,549258,279741,142412,442772,613444,691434,714805,696151,451549,99599,387013,774121,537450,579971,383302,932645,688871,249410,859196,597761,881457,645034,116558,128243,483230,138236,502963,923069,524005,574830,486649,549371,955119,630502,878347,307161,836656,62930,203475,88244,365308,984614,180142,319219,568435,84032,826102,109023,870797,832929,20549,195885,468499,10603,389583,834484,917021,981994,20959,594999,606994,92697,726677,283178,100250,909248,86520,879646,775876,408423,93790,440846,765888,568896,148151,478805,170470,496004,28596,339008,456792,94043,441766,752970,282440,79494,700995,274785,912127,423046,467835,907528,371488,78923,839158,78439,114199,318054,531140,445527,449329,845181,500850,655896,550573,371956,571483,312553,268355,922994,196208,73696,715547,617446,231549,368756,171009,12025,59592,221886,445384,281388,84543,779,736910,803329,630723,678102,149405,560966,940797,836206,264433,186694,400503,369578,722968,324683,772499,83553,488716,334849,577061,381962,64151,565552,133807,104310,47203,52742,501210,266257,541742,888895,349006,147673,394138,663253,524933,751271,471266,115595,862888,603100,950207,752119,472967,912453,313952,300576,554454,866407,301813,696483,920372,903332,254090,553361,875143,530335,550969,912528,628347,663537,49236,536149,976797,323680,848547,433690,18760,661630,555222,812532,693582,343088,344242,354945,83885,130936,196562,525273,588160,135374,589439,827795,416299,206389,547326,702843,359451,106745,579895,625317,612521,363746,356363,218645,811312,606057,813862,449044,231633,945196,352211,870698,711847,106165,315742,417548,912688,75573,719539,894941,743822,14769,388348,503078,628017,894441,897775,95979,688766,587994,524558,666495,374898,676883,279336,157798,629376,783742,102286,506221,437714,389366,45626,832257,520824,155919,232727,851226,686917,710322,581016,449687,396512,158980,811465,209862,662056,114151,149638,681644,989595,366471,98308,563142,106937,71259,853454,821307,228806,360987,160154,817453,207604,839872,662199,223971,120843,276816,478379,371315,13413,873430,557578,863009,774346,237121,344171,513876,999945,171975,496739,141781,105683,416455,28237,789830,46567,335417,363590,133940,298854,795252,794696,615225,551463,844166,34057,295667,60854,529672,778097,639473,166889,840858,926494,457030,617463,189576,953710,516286,767410,476585,568332,53952,211385,258090,942990,833592,460502,228826,568958,981308,914370,843438,678315,816234,478867,305238,942369,649575,310879,821081,39902,996013,662976,418093,146738,396788,126358,177827,133095,561687,76964,794838,636248,394631,61185,918990,835598,895581,674720,820718,973671,647420,840643,241499,105386,909126,667654,400424,269221,646105,676540,837023,22594,59757,79429,247609,221462,276487,242094,250654,176474,867035,725783,3666,93138,370236,280602,882281,232877,640626,23126,44347,457111,907603,670585,400617,36849,2177,839070,160727,912504,509542,683723,630472,756780,360415,65018,410633,109509,381173,698014,125602,232900,288988,913164,3946,385137,77407,164136,960107,662412,801115,766606,408507,650237,910955,855391,72098,16586,840878,998745,967327,18707,204471,678865,92986,584301,900383,408242,104048,706555,788744,229027,268068,585680,579930,791977,718407,91196,555281,644252,179175,408587,869062,147020,344562,248129,834226,298734,853225,831938,997705,367223,511168,60078,505926,647726,212357,30803,166476,816999,697483,921611,917931,376913,559302,327213,187338,678835,753725,316938,844036,314315,877835,280477,344989,499740,592178,160173,558996,54866,774959,659592,46253,39515,23562,116089,306801,858454,133735,407626,298992,827839,371388,206244,326137,639905,408682,157852,236622,487763,232306,478333,768949,835252,106799,496250,174315,816744,526677,222917,745632,204977,636821,709315,667405,666617,742602,124264,983049,310657,423980,522838,147440,509667,625984,605659,11900,526894,189139,594756,151678,894493,274420,954098,628239,969870,180967,351259,965704,459802,898232,382719,101251,796590,877046,582514,817453,60244,700231,951779,441067,836335,566530,62769,299337,209639,609607,871099,121348,326053,718075,70256,423075,237005,6460,626539,63181,224042,518428,477543,965434,953594,293814,373895,845038,370926,833486,186282,361121,604933,507945,152916,402307,244037,161183,582390,765552,142728,738507,762668,225808,775699,329465,811983,270727,894866,575366,867815,423353,126953,983108,11395,299085,271473,399183,824689,79132,828604,27426,575129,450250,866579,907554,970917,779074,803877,922878,455893,329505,789713,765578,923384,819814,554596,256100,850898,203789,433086,747475,258321,281207,552468,4288,564216,936395,627940,684981,672756,159290,771133,104537,358263,352261,149256,869436,437938,406531,862236,673923,368069,713785,729555,362185,12796,837175,768771,690249,757887,596925,887989,688030,77284,376612,687252,532253,716649,608707,754562,41254,943194,62339,829766,17263,511883,210896,37745,920410,622449,352628,806647,746336,782503,732725,468078,624160,173951,489291,85837,880450,871133,625111,64425,44495,971692,309436,78681,655548,704032,593235,443019,492046,917300,404841,967880,157877,229803,92712,881555,374371,889697,722850,233313,398089,829662,94287,586195,635401,393726,83031,802100,217835,406463,1232,754672,786279,428750,538299,753069,486885,332686,368454,69635,903620,171731,254034,640526,630292,51649,442360,679685,758889,943841,750751,262672,842333,913430,108140,603131,125596,420663,743287,882814,742673,421043,487458,76293,180994,67129,333090,540912,842389,694666,444797,686103,333707,420630,783204,54190,336176,748866,608082,918323,274481,471913,532822,828055,961776,289836,626150,423082,4676,2431,404858,372928,350627,645245,651526,889760,112453,937981,828491,331207,924228,691314,677673,284764,797362,249880,10431,117205,520763,323696,357567,631706,549938,250816,73408,412592,286489,291638,195718,829149,840553,506380,760162,615199,837141,344626,912766,853740,401407,902444,11161,541181,548376,396416,873965,158268,967467,350601,190094,263662,916445,733685,980092,948599,992048,800414,920756,100195,762538,270987,416456,77591,264255,361868,572273,569680,929008,532915,982924,95574,287971,81401,460547,206037,910611,272509,201919,709073,720193,546492,444912,928629,589106,54852,188996,354983,751273,711227,594476,690985,202261,288455,349141,838740,411941,900428,942147,611317,95801,504419,352157,589256,533770,388891,456329,908538,925703,353375,916628,207072,182761,347411,178960,339942,752485,670825,382059,227335,526342,257630,409341,496046,386388,104609,779086,668014,837110,727762,415588,504127,843005,31476,453283,566941,603661,650309,259921,185563,846160,679434,180490,842131,224838,43316,835922,771723,322253,406106,337879,323022,921805,174782,879071,318946,779905,460288,528036,860138,87992,879873,273844,593794,180873,418231,154892,133930,653246,286958,449407,849556,626387,201151,731265,606450,245788,757459,266226,178776,180505,561932,405218,621491,648486,909803,142365,166315,933146,794613,250227,992285,156836,728736,953941,393476,714055,296244,457322,138506,775035,274120,606510,428976,908822,295813,35099,568915,964287,833264,406429,97707,77670,920784,404371,597973,199674,816102,477178,253823,379176,309905,251285,874834,623633,515362,334188,457072,836270,11691,94513,941597,223735,934607,379051,858566,859136,681364,515513,934865,451228,715689,203218,574310,332112,733491,902941,482972,987725,105671,827004,789043,970815,258473,642446,224123,162402,620554,119028,3998,154008,416276,817668,476771,776919,118397,204534,69712,514291,203765,921663,905096,111157,476129,403964,285803,82928,782479,144075,938350,459460,76400,797231,338434,108295,735605,88026,9651,889078,382010,64070,574732,989474,218899,714283,882434,361460,271518,555227,726403,984682,795025,512331,369272,70628,412476,776009,787728,115803,948358,751251,289496,467198,403725,340348,669627,968823,292816,620470,266411,696349,404491,822982,682884,442491,663643,459767,706303,150674,261474,722514,877829,485629,168365,206173,587326,545412,671587,412215,669155,424803,684340,108557,860823,241275,905703,118974,825796,145028,383553,650583,453689,365718,910943,679876,133422,67911,988468,584946,659172,403067,192813,304763,923478,352953,958092,202301,224582,491422,70202,42981,822931,163034,154687,359860,610481,355750,105022,907924,966668,593476,605296,983521,386685,189720,175453,717018,619061,939592,772060,770605,800391,521193,858508,70351,951062,679355,930966,879842,707335,846917,143377,884246,419872,762129,875424,671158,611602,958882,907921,348385,238959,665406,500557,820844,26826,861687,290997,190947,115624,725631,873192,655984,177302,358471,662509,994495,922186,821277,942852,986147,582532,278653,19895,880567,280673,316209,287433,28311,346280,23254,622576,39627,138745,672257,940734,87812,196469,385712,606351,208339,431469,899029,861136,824863,208148,730504,26004,331858,913311,110014,978793,60041,745402,147504,758467,520862,252232,781676,499399,694531,983133,93579,841881,794051,650296,744275,876695,693797,293669,36815,136032,113058,621769,598281,220039,595674,214460,302925,155986,791138,325029,833856,437428,460693,49542,298642,750401,390008,351605,674097,329247,417914,366861,301399,160356,818193,998976,983774,875881,609048,628238,312723,479870,907198,664982,452531,311164,97052,244417,16695,862700,82073,792075,54711,385520,375073,159125,524814,946932,433240,514851,491428,143252,739505,473318,999905,752451,234048,432561,66634,214307,393269,208443,327114,924651,71874,640766,800247,161010,762813,606971,13991,854639,754334,438835,60157,905255,212969,960867,113936,571995,254008,56670,890057,608595,444357,102360,724044,486869,200308,640760,30660,973845,123751,13341,116819,565081,863134,238095,653630,488924,366363,647333,551437,195676,992610,854240,604492,781713,576123,291163,596908,775707,821642,789525,288788,674860,471347,610057,565893,315173,16462,492000,832892,357790,407900,817892,89897,811450,252081,139546,779578,540074,490875,806856,766500,707059,935234,74424,977132,780108,849856,29473,837447,474210,148685,343783,701152,654149,137410,278062,438642,495515,861249,183538,421463,873993,783834,809441,802429,550706,927557,389635,894722,739626,115705,976610,221646,392936,567511,220027,550725,927781,922671,574333,546318,158998,164092,266284,904632,676956,215977,36288,302872,767713,573387,905964,778743,793200,805864,375925,961928,984206,260599,476759,426495,426908,334001,460361,150598,916595,116408,816293,362060,626181,27088,712753,288623,62622,567491,521871,69226,667625,275390,551912,232703,331265,566166,221677,184993,456222,251950,555373,930486,311767,205644,421175,569525,807129,702266,778575,133737,596770,984328,396603,17450,151705,522213,234914,11027,776998,298634,444253,709040,251096,798099,677713,976705,403115,142027,964662,804634,687915,146860,245502,737612,531505,144369,938012,488207,639871,550706,799498,625875,16303,453227,40632,175503,47759,238846,68107,558029,290525,210684,829086,839525,883553,713648,881983,217330,585224,791545,415995,939476,778123,739484,946836,935555,519912,64047,631662,82690,552341,237015,199448,176262,348199,960617,892641,476733,532593,992676,664930,155051,572447,112714,622727,433438,71439,720933,199915,970975,582312,452319,467296,402888,518878,443390,704253,482528,101309,832504,214530,386461,481222,47122,551958,681552,178484,384558,196216,831155,297047,622804,529973,862096,83961,790537,523024,193335,424473,383867,998730,193582,402726,536025,516016,201326,690342,566213,234282,941328,894252,913378,334837,226748,749782,485859,879883,341376,917276,847238,882654,361,763631,625998,912536,292060,547271,747430,355826,531757,148430,740542,600846,691295,518338,412457,440301,807961,511437,462588,253710,915965,793403,175445,62906,369922,809051,539012,643888,894642,874737,492970,788938,783081,290135,658672,969866,388170,725997,149832,750822,670242,578517,464391,844762,93806,613572,758207,397593,293237,174108,995696,568990,571252,367315,224503,109449,451597,416831,86541,953815,344327,540131,567336,376222,236659,982480,641974,586400,888041,91148,714250,514699,536852,25401,36579,213055,224611,42410,825507,674151,243246,152235,881559,146885,743983,455176,695188,103366,315642,217371,436118,976669,360771,632230,278861,100410,71822,532273,18975,991839,473317,530640,756641,943775,940179,41506,101027,498557,574704,162187,573129,347328,767233,343793,141914,229256,505729,259131,888638,277435,829732,69873,688904,199556,984710,211629,491872,368987,542110,581577,651888,641417,150195,773166,775951,282549,511609,494830,635913,727802,226900,726342,677139,510315,268847,861479,623252,607308,778105,479914,684629,391968,237907,749858,372078,738405,529610,565277,722227,867635,703487,709642,315977,713414,293601,977628,894128,268935,364220,721250,724855,320227,276758,922964,159188,253199,779830,190329,311463,762632,541369,94036,85063,635680,518208,900837,476793,32389,832591,266565,545093,183839,904500,208600,917057,345355,424592,956849,84066,503893,693337,611943,845841,882346,266141,617815,104365,85796,648233,273105,258306,64644,756067,42389,188799,951289,551303,121770,788061,264665,391910,713026,601812,517950,173524,884165,574420,596069,482528,536093,70141,361028,305827,484230,333470,468352,873140,495609,954679,354313,624439,972931,965391,252929,996564,811408,909739,759033,146671,397784,341013,813695,239147,218076,907495,979324,885141,25559,352714,944930,273905,556090,6535,251855,164360,782861,479460,790586,105835,130397,736182,388054,510580,291504,970771,423734,905940,584491,306555,871817,148850,85088,346791,564488,563990,448931,880365,342328,282491,407957,392307,129891,571245,676906,193797,402495,115756,320275,472963,178610,146238,146427,650472,431864,594181,423617,654032,7754,936450,345018,15048,930633,218496,957471,991655,893718,590462,140199,935657,855670,32658,673169,989995,126064,721288,996186,530897,690609,68450,198822,673349,901280,52777,409105,961680,53673,730258,523014,30282,968503,405587,158310,355121,808041,959921,949792,789024,639905,725648,544819,962730,557986,115205,156766,614563,395382,844194,849969,361747,303472,522466,885087,107777,554814,630959,940845,491150,789463,733967,893153,646807,398159,692448,375977,690699,35523,396512,306097,367491,582507,739065,535363,166262,918843,64637,610037,454275,756561,505886,449761,395,897321,321978,148792,413811,547586,225415,38768,771749,50208,134417,373264,844674,191226,984603,238633,26026,742471,560206,673408,96686,401102,368168,861686,371683,447212,784687,829030,646658,476639,934172,780175,491166,105549,602835,635610,847007,307761,623157,95339,813856,619361,642928,510621,474561,798912,836008,289285,32054,545146,504466,643748,723513,679826,591826,738375,971332,879754,689432,984244,3240,626040,847061,936604,621464,32976,169636,565779,674254,978966,628876,422164,305774,884764,456857,243573,811660,23423,974495,897260,388126,919253,551001,465303,562263,580679,999475,787432,935759,270586,127891,516129,160815,583331,744828,175897,726052,318225,529762,94455,265008,47935,694269,469191,725139,684235,441638,427317,679137,337878,661557,102506,163396,119572,42606,475586,989766,75796,544109,65554,8526,954759,687984,199202,486093,588850,870522,36679,530941,64514,261865,593413,989500,435081,384012,214341,423785,756545,650084,198159,196284,317322,381389,465076,490782,699705,574647,886058,211484,675976,689855,184650,549764,209340,751101,99284,526745,609588,3080,342408,685971,305421,50004,557762,501649,224499,241600,122617,662105,130405,447759,526206,121286,136805,551437,64718,33312,18118,376595,346253,32685,661168,376704,605898,312181,283934,282189,443646,63392,20083,49357,609571,306030,951731,428872,742791,693851,972330,105593,699652,253990,756283,629942,204099,892074,208484,860466,587812,40875,362958,615982,210823,585755,652848,624123,570833,424639,215826,919148,75684,825355,989843,832657,681085,349211,933721,905603,431602,358353,384227,988412,38088,120118,18868,580260,879687,946277,216619,985950,180010,833619,471250,579240,897970,186143,884698,426479,605634,278008,246368,705823,707162,375888,316918,335038,8827,392705,793182,771152,151427,714265,24668,192473,496657,835662,121257,594525,417569,566715,13029,145070,73197,376995,958376,73822,406229,819952,178012,664942,674638,641397,608777,254364,922093,372174,9675,465815,972211,490357,285825,417031,509553,256492,903971,921422,87722,878279,761574,336368,524568,392713,405513,376661,459199,778213,109933,532766,590841,676636,571015,776794,951429,538663,67152,586593,602787,966530,991680,688161,865588,62076,948064,18861,763682,11415,92593,317998,312401,23909,652785,338885,196694,476801,697128,909067,246036,227032,317638,965420,183222,485531,572355,4764,623824,927030,243351,12440,384999,529946,369384,862098,468220,758229,630452,649019,497866,642587,825398,420033,302649,950393,115605,187961,350318,346019,396642,463699,871037,459106,567799,841860,380905,194684,812892,470311,189301,711043,63581,245180,882786,449984,94134,812952,578977,949098,341589,191491,444935,641538,490951,518810,518828,653923,388207,778874,486321,436816,545158,683100,456618,356047,21626,979773,884778,230110,705034,485894,64291,630445,205858,625809,605917,698567,540264,144603,438895,296370,955603,583942,61083,584932,624656,556945,884647,493221,420144,799802,810059,749802,209332,135103,773495,222131,48650,169779,647853,854821,903040,618593,432800,78768,606938,863822,62907,225981,318689,154229,3486,732407,613875,754890,692609,934556,527345,774770,86649,14974,74872,307648,858371,360084,907733,372427,853671,397759,165097,123470,946505,702728,708055,869925,415544,605137,339429,459449,861349,288866,278445,866770,605504,988478,16695,406140,735648,675909,348371,977396,735340,16520,259814,488510,635025,682272,440667,119858,20394,798515,244100,206235,886773,904794,194846,810411,743854,936858,631616,196728,59213,112156,861013,944834,272806,421786,210066,695015,266670,477968,568529,325744,291718,819832,985826,966845,717683,135253,229071,160892,685007,628170,356882,225775,717419,288546,3755,275252,721464,959923,222420,402270,444793,123824,691359,993060,791942,501478,180829,924772,50727,622041,480011,267465,225536,20798,5530,609706,543812,825036,542186,908217,164044,121567,135771,477515,464683,571799,863580,421661,542150,207768,31931,257407,998257,188336,894200,183038,568473,954332,857052,437829,416641,404064,123845,342558,799807,870051,253350,121716,137501,897017,742417,439601,611494,473804,421193,308278,863163,530849,140492,387333,213784,621589,298463,643174,746320,88292,996783,672189,214208,657052,206624,274102,37819,669322,30379,272554,770807,93260,114412,70297,132999,939545,51316,222074,26638,994434,586345,820017,361178,185196,939996,130488,513678,432299,962345,654845,870347,720684,127393,88998,828387,117209,47143,374843,11879,470542,796643,399651,883191,293727,966078,242590,203030,335422,801915,121158,247541,292143,256033,681829,849070,41781,78224,492091,416885,683086,272558,346952,865090,927397,927911,287286,606911,400057,675082,319811,906155,793708,380979,995277,895673,59701,440178,680989,292899,266295,262401,853254,110184,545097,413540,606467,368593,475064,657772,995089,623166,134989,803762,737922,337572,658337,270452,678086,207645,460358,326580,196263,180471,59785,456571,511351,644254,157929,380128,371705,326455,724617,799550,30630,444522,818422,777822,645529,832914,29666,595845,287129,931145,105307,999317,262403,863981,492666,223579,98670,270818,973484,852712,857640,238678,22631,600057,853462,59563,252783,382026,543163,497248,934080,990372,564980,471101,154972,427957,278847,886433,207956,29007,946309,155163,703299,939995,280219,683967,451969,679881,867177,689340,584205,301437,108455,410888,949649,186957,148363,56588,582210,468294,762971,363085,347370,743472,970737,730414,465028,959875,87153,292335,287651,201796,305288,886778,369371,95824,364018,505260,803670,590448,809432,252326,482054,274101,466599,791938,483406,304749,866181,446600,183602,429461,928276,505792,677219,391605,283008,51289,294361,205181,190155,30293,197388,298965,169167,295668,859370,152557,691783,608436,981963,266092,983744,827219,612250,791409,427513,91096,702842,978418,77910,521425,127900,689385,991418,687538,521033,893221,105486,9970,922037,414788,366935,88413,98917,231094,71575,165575,798128,23540,19084,776874,436266,877709,824139,920929,757182,188459,43294,411203,298981,748061,645011,601082,345928,622171,369887,110388,793557,314816,721606,819646,668795,453028,316572,218447,58969,938638,452071,840036,446022,216704,218885,860105,693173,814553,42581,539233,363102,198992,556313,914597,378770,471949,693961,997024,427136,48908,169160,268070,839169,869622,996888,595525,460631,401774,347737,806407,767698,529718,638627,617962,66293,756305,986928,994486,2225,179792,546218,678489,975782,311545,789046,645318,505097,380821,178948,989459,997006,365740,740630,395226,653689,231679,294372,63525,682334,161098,64048,760515,24384,341385,977295,995463,129036,704184,733192,922068,712697,465279,290984,594587,951255,700122,214897,823896,639671,681434,994921,419766,878163,199762,738948,811694,82592,965577,85772,839042,876592,70704,891777,228796,238805,104552,905541,333999,136696,610651,492299,460143,246423,343391,110463,544409,256773,568552,105141,533479,406108,472370,380636,674963,812993,336103,951265,433138,460720,372170,187471,668069,934699,903318,827560,980332,160352,989252,167082,386722,394993,685483,813699,798436,481869,605297,399167,142841,662046,390228,324874,403458,231442,570164,119810,971735,407466,660639,994871,95207,106981,311768,817060,294195,605569,559846,740744,6800,879093,420557,244148,307840,777961,497184,690407,221822,732034,544744,943759,122762,387634,883153,924938,640765,433455,973685,924194,958546,471691,280155,734738,485334,611700,318159,644195,864091,74962,604346,473435,892943,796902,978011,57966,518863,475756,918948,74587,307561,332283,796257,350281,162682,892758,864164,240969,806432,559407,6569,117661,95475,434943,430744,920472,720562,388,820256,183732,475220,846229,289940,968662,675989,518631,983515,388704,842283,461622,584970,354956,734909,641142,300748,610233,427043,232011,379991,96040,254380,245273,7160,103632,387963,663208,93840,232432,23887,342353,654329,445166,659479,791185,310995,97436,228489,31964,606686,764887,766201,968936,938382,198093,704316,809474,882014,230018,216824,178449,959019,440441,958545,424448,524396,741535,645060,311659,632296,762410,740609,106199,445370,481030,111133,694004,590871,171874,773556,292722,145420,18921,788210,18576,850494,696023,931003,986317,615267,503145,822072,465445,840548,835397,771455,920078,302675,915567,453049,534011,225470,787876,193182,34373,93974,626320,12921,680523,566499,25505,166908,501894,461004,220752,102206,406561,938767,746241,836190,325248,656905,793884,106232,332477,659268,250294,933769,974180,155502,261486,81443,266169,135924,399499,688409,749961,68142,681818,339581,851872,866492,768927,267797,566650,466344,201483,189464,466364,334548,154026,216968,410759,89232,308681,556530,99073,292291,531450,191649,715291,735053,768337,216911,701371,476034,62761,380408,654548,298179,611924,217657,158744,278564,431504,756226,601861,231170,638702,795514,970620,655365,588433,444346,862771,579513,265845,415113,688046,686115,348162,563210,472119,871045,81777,290044,116885,177963,989031,860902,265981,514924,212714,718166,136509,591691,584365,889505,901774,369084,986195,32575,49507,988040,177624,846764,184065,507929,205188,996668,960986,745588,439497,264819,423775,306223,11359,642945,613543,25786,462330,565541,185965,975045,488624,942942,545234,990431,582397,947588,95921,377211,573719,990456,373379,400224,38357,349510,816765,391022,233513,547558,950598,871338,243416,488568,394770,780593,895021,689464,866029,49232,717860,47856,416317,14620,926877,953398,372160,708244,170271,609650,499293,627051,53216,177191,646851,598849,655170,363864,940948,529154,472800,657869,148184,628144,843407,343947,856990,423660,749719,321055,740164,246800,483007,682884,465361,652101,698931,995089,206893,949339,9867,799398,393974,869788,243316,671827,579441,430688,984840,100631,929596,106145,819430,231423,407939,724134,956681,215617,474535,745183,183370,33798,528811,559462,104716,667873,59014,185350,115137,854269,664726,962126,689543,770541,922667,254119,369177,302512,727056,619835,191406,891987,106348,193823,991920,152499,943709,343072,108945,155729,639525,914703,432874,224078,88796,139696,988271,377202,589194,364218,925771,685958,387885,613513,760433,57479,17024,819580,385967,749783,250530,340100,102753,287236,673039,4798,825982,891366,412022,649527,593217,771482,62110,643652,493004,967868,373237,789067,573741,996834,471565,630651,318606,303303,940358,419256,275418,939743,734255,994829,262621,165810,538570,409685,102676,250416,354703,733004,202005,262604,24948,320969,2637,495906,693849,221732,620681,540056,242729,665524,227584,354169,673761,691143,617940,588476,161674,116535,755009,128749,756791,357855,711177,347943,733321,687147,579727,469254,76687,732387,310186,572854,64053,922387,795065,466369,680716,109074,124336,405831,110672,418628,356616,713624,281191,914058,265466,31811,299772,910996,29741,568123,87610,211395,689182,980028,392909,338822,628975,491338,531858,545802,257758,755053,533362,987724,597984,203856,884768,267067,281158,447306,280333,443993,747456,655027,21215,939963,555407,219661,369051,187948,441968,334302,616195,863109,43589,696945,509649,662324,161264,374828,489919,932320,165394,466488,140415,387130,803146,135807,128499,997927,84013,356994,482293,188244,263290,483494,391816,273617,833363,563055,140452,149433,197862,719583,906038,881689,573795,485082,312075,923710,368214,745178,699535,577009,897590,935692,193796,259037,347147,840872,177759,906928,330059,185554,455244,791793,107777,562485,685902,381995,211959,124146,177601,877668,863618,472565,102322,205993,84789,400224,865484,934060,991075,478361,646114,66155,783192,522416,5656,737153,144521,51653,478048,650143,465066,470285,827540,113643,298464,444865,591594,578609,352388,218986,967891,891150,461926,236437,504856,129144,411591,489335,593424,313781,872885,666404,776895,906042,563651,665399,692356,557405,367854,331932,335471,189504,60016,506617,401015,883589,412915,156821,430050,42524,341754,447685,666189,431003,295948,608602,303994,163288,518653,563449,487315,487690,955437,155306,12146,103185,873329,479421,211776,888084,493609,45211,684126,959260,740566,124981,209042,84903,578086,788013,872877,828487,241114,421643,901188,671653,642741,608515,920672,998868,293847,713923,261165,288787,650786,397398,221004,373750,34581,404282,654493,120015,950710,626091,386453,849157,320152,346393,208482,724216,418980,123793,707790,879428,425709,720193,792923,610823,436985,649123,268053,126718,360355,843476,477977,403162,805621,257849,748182,101101,143805,384021,704248,84160,714849,585424,491199,57194,936720,27649,737174,180998,135298,513204,269429,488220,568145,960813,181175,476640,310914,955738,315814,848048,507608,583649,218921,274784,729188,93539,885295,475608,370306,966977,606439,917468,737751,262964,190711,644336,975379,228792,726196,806587,101543,119288,554350,367493,360560,153244,941288,754575,851791,96478,167217,330319,179294,633099,623134,493892,537020,362739,114062,828564,36519,507723,681098,491099,508474,362436,359780,644250,543501,79969,439338,190979,355765,82037,824926,13225,835635,122328,182632,902652,262631,315367,44870,783358,634421,690284,570413,465228,479678,130888,855637,703798,500896,62843,534287,734659,14351,892625,952840,365029,525911,955136,924082,272875,687960,358460,368812,417286,122716,732959,434401,953526,21421,839323,101716,333279,399991,218162,509767,791607,801639,56945,305634,917491,997583,2718,826755,23426,736772,217442,817963,577551,417708,239894,942727,944233,263563,878079,646081,257562,346979,456337,869450,314731,148835,238163,356497,552028,495793,42702,791453,218315,660894,583632,888249,395773,635431,322278,582608,873117,698405,492272,9280,681078,11028,444038,235633,864870,936991,522784,20177,465248,213657,293023,521350,441672,727406,447008,339671,104389,373024,488264,694982,261267,491099,490567,489198,615436,113039,682763,256160,261974,638288,845524,693659,448746,700532,947742,58904,105077,552704,345833,66372,785754,511206,342283,512297,623511,922572,340269,940461,69459,144972,798619,876201,775403,498581,716181,171467,188278,598170,159763,708814,480883,364742,277208,2724,805053,245575,688968,721940,401888,263119,105922,776880,845763,164754,568892,709674,893704,770422,805951,300230,300105,308361,795910,120559,474328,494598,762873,904083,991810,170619,676517,906807,552294,451068,426924,35354,162640,841475,727490,600539,587340,911369,825276,405344,216144,651792,760818,994035,175088,79300,618822,998070,504027,700401,622123,441118,622250,550842,522678,504129,672108,180282,267514,372150,940516,45333,863945,200234,120505,384342,529399,267483,584713,945518,424820,425789,861777,597392,4609,116608,849404,317650,201369,508757,634682,136426,917263,911463,132702,270911,155733,473925,775766,736491,306132,360482,752940,411753,921048,195946,549418,257806,515800,734501,693081,233979,294942,352441,402898,364074,158049,91916,584164,347037,49129,978273,434387,565831,922919,564038,378062,16543,27031,543930,326632,59205,190212,918644,118227,974667,563153,442311,699165,150849,243301,368824,471689,81763,529681,664548,844195,400718,634619,326251,469471,784511,602977,100640,27289,724306,593638,370085,559269,611964,345350,556712,169806,48089,677563,37022,220017,145538,425276,210848,321290,172474,821330,422028,233619,316979,970234,22077,190376,960735,59311,245310,256874,880107,34927,279699,143950,378038,799915,761612,791821,113799,756398,938116,91755,309548,295246,982620,119958,919030,620880,565202,259855,61240,734125,171842,656618,518479,100680,681844,787091,378841,891731,348437,136003,491908,900768,559847,594323,239627,849685,519371,596742,474832,380238,941308,225527,157557,871143,787395,144988,580590,376567,425108,96591,254553,321670,167228,46292,864139,303063,817134,90980,777196,342290,738882,336205,452263,844371,401604,430462,610756,713838,423276,910733,577927,331948,59872,846746,721664,502697,504535,874476,126001,730092,5455,326479,817847,340686,673225,226781,109034,615862,242159,490223,950015,31466,471513,602330,163937,925794,515499,97763,46838,135723,17274,90185,691263,780064,160747,238233,894699,40423,416053,778713,240757,411980,200179,809818,489186,169051,366888,575626,687726,347349,715105,66280,929705,43459,775259,370921,212809,75726,537028,674358,317908,888087,32893,419112,786881,533347,565187,310458,906510,719712,932680,599513,559716,631490,84803,264771,886388,200032,816727,767199,772687,543682,323698,508918,938199,793280,332572,169982,767754,24402,47554,844187,99463,568713,595643,603454,338295,926363,134601,850934,744301,164275,829159,474852,358645,803812,683074,12703,190148,448466,962958,572427,547916,231785,568088,298575,679781,482045,563168,953673,344530,239646,863618,618612,494639,462005,907192,951675,389238,614811,467783,823454,499708,488455,510732,22878,91831,128518,517895,641840,601766,431643,267426,477643,29721,43967,744204,422931,19642,539379,918280,39122,189371,246274,551482,346754,235886,720651,666581,275147,404670,918780,68062,953415,810473,549778,116961,438321,92458,728822,94944,185148,723622,229148,59162,635882,806869,380661,118306,756098,325426,107618,563731,400729,436356,717476,301389,697830,316200,963685,313964,236433,376782,89451,548954,118527,67787,720556,988061,553191,375588,812172,37263,296548,884391,199198,750316,980899,721730,199218,990642,683547,250700,597110,819631,581093,877688,962493,407994,696208,765668,215110,884939,894338,77667,549171,442041,486457,511798,128374,917678,507753,909667,798354,403850,183237,143167,236870,446941,19143,136623,894997,77571,272759,722999,653406,868280,397035,407229,278421,453031,967577,35822,793003,72854,10468,735565,510976,545253,827192,440337,573822,775223,62469,953917,734960,642057,391939,180763,718038,503786,351171,711056,733180,945745,301952,415339,323939,69920,517783,180135,950793,280007,649569,311967,819155,275979,544814,252561,193760,881119,479083,998166,276510,297209,736045,475152,547886,405076,423846,102225,852419,453288,605065,761022,870035,350065,533929,656753,112956,879330,226327,569523,975733,20085,172568,622907,814811,216492,648112,162544,101596,132466,109901,47958,658586,467437,511016,957864,488800,182410,159547,694327,123682,986776,523080,41928,132761,605233,348618,319323,528987,517967,251713,801883,906482,143011,352515,819258,423384,136171,74845,720994,116390,756903,773085,669082,786868,20454,935614,90312,357165,420894,483745,651708,998055,334418,3751,940946,723108,993456,283336,695948,314042,974121,499700,986834,868710,672844,289873,758068,796436,542712,719170,374377,104077,837498,713515,646514,179209,590333,967125,756236,325845,675435,358845,414263,527914,68666,87382,985985,74693,613313,242897,368165,382258,226326,104171,573928,250997,182319,491697,813276,131651,846038,280451,806903,942903,187225,874946,85468,558646,586764,315090,962149,595914,324626,668224,316160,148082,44600,953408,896512,666338,681324,244454,465371,968322,106319,24088,613111,719590,560539,796098,992428,344833,725433,736404,805773,45745,678202,252079,145471,422192,125822,329855,902990,551070,98818,422136,416436,721073,398956,580669,774882,98909,274340,953459,611080,997353,565679,337907,746746,207481,439427,309340,237786,10507,451238,90256,901284,747952,246220,843752,236710,294974,146750,668749,947858,228208,242672,303689,744592,582639,511443,379125,374286,183124,730727,343516,672622,722727,523644,736780,997766,80367,363135,479637,767308,307828,864827,119778,706197,65567,329289,253787,931820,331098,277856,407027,123401,836977,518795,400247,443665,295636,586721,622262,439444,608615,648559,855090,530263,675473,4092,246195,343838,75546,854536,412756,119284,613991,427481,447364,417081,581264,284118,967719,243579,887950,19039,11297,168837,793371,781009,148667,919763,800583,77125,660113,392222,233570,490165,730473,42384,428839,412045,184003,920236,403138,535687,57520,377553,453456,891451,905922,30567,596418,508851,855018,746661,132233,601927,278879,524295,248698,447750,827035,155385,501974,460091,465329,95617,916820,971757,562940,520252,374358,838561,375540,272495,109752,175643,997604,940570,632944,964138,633348,250119,841173,689108,440700,513705,451154,473248,324416,614386,516345,835563,905555,705519,671948,882946,3427,461075,170282,782410,436069,760405,947166,468213,158617,948116,211377,270718,631470,28604,314187,460700,759057,472922,518753,701059,70626,330968,92290,986720,517233,815574,279762,123838,747226,433050,221534,73919,149490,363971,883680,356317,337547,354308,716628,164399,654478,899913,280677,616286,551280,111883,537401,952466,546123,7344,352799,761952,888286,460713,655667,780978,793261,213963,439655,771610,590688,53978,160966,646950,57532,848807,142365,642170,384972,457031,197191,400264,240297,712669,278499,585186,844194,259020,896767,62487,333780,809087,781450,959414,170168,345360,671950,861175,615555,120201,544122,441941,741667,81233,900064,194147,447250,972824,961344,648644,505530,473046,996085,439766,91873,448291,760819,140262,470851,964915,702702,139491,619822,55823,864157,854339,603998,118373,948909,640553,972134,793706,500867,929350,862551,153715,409628,635951,641859,541280,929140,131070,875319,611168,201635,693464,365377,242475,22550,564884,198515,385291,102248,615627,723349,31084,675459,525304,830601,481448,410934,609936,278576,909240,907335,127610,715991,410331,745863,446999,719396,29903,923539,223148,284557,908334,1788,744423,245489,77366,446018,468067,830588,686008,604662,958191,363375,733643,500944,706906,385828,944754,74652,538324,179894,955405,98732,161386,513519,565608,490734,685162,403626,957736,217905,276266,633363,731775,277160,132421,649490,521381,442720,76471,908755,210032,495987,245248,681673,124485,978304,823542,766044,119882,400761,390338,750456,852814,680790,257999,507650,326594,858723,53412,825202,534814,984858,159707,215482,591879,816510,287337,819624,304750,290058,444052,295840,165525,466056,437166,420590,430903,203935,910679,743399,971939,503850,380459,76031,42961,511274,960043,845202,181607,253025,201418,361358,904065,161725,808894,420936,206628,914411,408690,510009,501835,480339,232987,818274,698411,377574,200893,772965,148662,30866,302562,712167,641800,814712,841408,940195,692974,911985,268162,826942,364612,680458,534550,748219,806098,669824,54073,360105,872992,874763,560906,956795,132157,725738,970054,501038,88200,705863,588066,63398,685912,574037,248125,982587,928683,276136,883887,142543,467720,288483,543366,632994,370549,997994,702525,178716,327393,781188,912794,411440,221018,234961,949553,248825,922651,684240,113233,833730,735585,155777,876053,882979,171969,562777,863678,627583,159367,343253,223177,426120,934273,598401,928484,537307,311872,706617,839977,956167,736208,404653,639939,400153,197150,677412,816144,40713,119184,401191,315435,684776,834262,712848,28348,323923,422790,189152,414680,936441,383967,505217,894341,390805,458508,363338,957783,256510,312426,475205,94563,539443,891480,225584,674829,865690,16841,706911,82521,521301,183842,215612,555953,473787,966991,750738,803768,81875,776925,809307,270779,171791,455684,865123,608827,487764,802029,203224,810681,310320,274530,420772,506408,156460,492924,726850,671579,90886,324567,415775,235117,456122,281625,740837,333257,515300,678230,690533,452799,270226,944419,588074,445708,116628,53793,862983,784121,347861,575611,29724,924857,947721,351700,939570,544735,533261,451920,867825,763520,498654,483263,757035,538373,488999,368176,34049,445585,369929,941412,67203,603066,107842,918477,1537,923745,143272,192267,64878,746319,144527,566061,723377,404074,101415,362939,212267,688905,36228,764806,293400,470482,349256,118156,855228,300937,942821,220239,793007,986238,601852,805471,691407,368990,327884,691210,301836,682188,382177,47725,463221,586275,786980,747159,414259,563562,108315,387303,939401,757503,434372,326934,629877,449997,536766,59638,681777,461886,360990,415831,344108,144286,660725,231084,351298,45554,964889,757020,163764,629591,253978,660548,66456,241509,897518,765736,899061,605440,314876,558344,845264,971368,710534,305546,195681,394837,838912,311821,23209,581572,95454,898990,317237,975327,774501,576524,860312,475541,961951,936696,179782,896622,41012,214067,400872,380579,225888,733719,838497,102642,287720,27018,898435,879600,244725,184826,464514,281594,176759,912090,599867,397740,544009,21208,368674,240835,523412,108333,430406,787142,264582,693552,848070,505745,622072,915925,576244,415549,943412,721672,433958,566178,875721,621068,428377,479673,430390,359204,357732,506680,156985,53368,211900,104149,247747,673305,311757,156769,226422,780531,849150,956130,929087,3313,974371,417568,966628,151590,265559,209295,614157,138965,241566,26806,181748,5595,258828,777705,597714,458960,739715,234040,929713,883521,41695,523412,893400,954839,11422,614742,606308,798130,924800,233394,866874,944863,83646,326524,9304,318560,313859,634619,612875,847032,964672,638656,417844,774090,975263,498712,781828,680845,857589,980386,471608,382800,413449,215910,206201,803342,596894,719213,135062,745166,327871,476653,988916,529533,559433,250274,264140,378134,805740,573526,817104,758604,951078,549548,703810,297290,842652,435021,926632,502094,759377,679372,619425,966148,201238,339701,643832,553512,589789,363252,954618,768727,370471,750739,50444,511386,989775,969467,793208,512244,506622,62392,153895,973361,317759,743369,127609,368257,875270,720585,40660,519136,602276,286757,436147,463031,308406,124501,193718,198757,547980,530201,621199,55352,402012,901103,780567,376918,785442,947285,469609,645751,978747,413896,853984,769327,769600,436409,291387,2953,619895,563739,810395,757790,119743,596973,969127,184816,512971,352064,272498,640549,907061,950673,598887,512362,414524,365733,213527,465956,514053,432235,488586,791832,994284,172391,777449,942520,717270,151368,829152,921959,26165,28582,369297,482403,608107,645098,675582,824251,195602,397389,440976,235462,648083,559195,453278,422785,847510,241146,204852,386298,835340,904061,32090,255343,734743,204911,497012,330917,339086,654215,661411,132115,124700,248583,834480,662885,450126,702867,710262,283585,610157,69969,441860,726556,242384,416791,408625,189795,468367,323764,497633,79573,911984,184469,816645,943495,829000,644988,718686,569557,893985,710837,323168,190820,877679,899186,633283,582477,230454,84340,5708,568544,152935,646887,24111,767124,756152,388431,230441,450266,874858,944757,965621,801301,854955,226510,339901,41931,555965,505276,844417,345556,85747,95635,762813,987283,252692,161060,909104,872413,230195,423734,50179,290427,924527,106805,957596,934673,128551,113091,848627,97573,827022,839351,319324,599901,551901,983981,56201,109393,256234,549286,831636,429810,444584,898338,478235,985654,982146,108276,642571,628394,668283,221973,625254,604419,547843,341973,519400,830721,861618,260882,912506,64499,558530,609234,332015,107524,638737,617977,970471,610369,391111,522667,522496,765813,939049,267062,573057,555486,479963,975761,646237,560943,366148,346461,773426,249764,503607,543684,819849,163867,669128,154612,164950,321492,349664,325999,168288,893125,249570,437648,56738,604008,441191,733795,381160,672958,631173,726227,607574,427622,194950,693651,781875,939745,753418,205594,516494,242979,296131,833403,902674,923689,416768,826179,117919,550646,845545,387339,933781,969968,244801,931065,203097,236314,637509,900288,78604,115251,420757,738029,943275,819976,608717,340680,900420,745633,425765,427090,899090,422495,171571,473443,92479,907384,50273,814122,21925,188320,656980,185366,9814,97469,886694,133831,659690,1744,82375,515134,667373,618254,312997,763867,878801,518977,176281,522302,729571,643254,559606,198665,496894,810186,124543,959228,983915,95382,683431,81207,323151,539485,965981,145558,313370,402570,755537,39475,806065,982443,362106,126127,504536,568137,642822,164664,440185,119041,45373,322614,187550,794481,802122,677208,314263,888015,462875,167812,275300,751152,338247,933211,479620,225532,179781,101956,99766,611870,436284,276821,164937,408882,184366,514492,19847,337096,387822,389033,281344,935124,791349,997361,926625,746533,980794,363974,418783,669588,740661,542847,608408,280285,808227,82024,139197,143243,118,946363,558796,921189,466146,129623,826243,899177,702850,928047,191023,49025,874812,697532,390045,177738,510453,634904,265610,165916,741186,678,89025,20146,752771,177219,7330,519363,998575,985072,868635,955748,206137,38635,669179,442433,793683,613965,430307,43140,67268,44186,845807,14013,581124,890978,85319,196347,979562,298320,510882,212973,955007,334755,561362,171909,566899,210931,793940,32377,74513,253178,429259,896369,981298,529485,183155,545081,890389,278429,429273,2616,797434,645814,266094,308126,511819,84470,124738,204373,551428,12558,153571,435576,875214,612563,8869,882130,637689,766574,78531,939306,905618,787754,566500,413485,107521,807676,394584,860144,844386,340934,196542,446465,550072,515259,58260,861523,697171,332279,358178,567616,502581,480019,66619,129532,981175,381295,232729,74456,502176,339803,270635,615614,343760,593333,113363,767268,226397,521501,777445,122406,819486,900032,564461,426282,534307,645164,472690,584467,8249,579197,637975,713860,872131,711325,173560,145872,44218,329409,777936,51187,484585,828380,553415,612217,634554,299265,205743,685073,913607,940920,933697,826820,892951,271203,851766,167460,139535,329712,237546,439095,751680,916960,333534,430964,19458,626121,655422,373419,184013,411709,523606,305008,444540,250622,791718,807709,882471,147796,543505,84620,409056,600216,193499,124572,440576,883115,294932,757203,413109,6353,174350,44569,422781,619676,191003,217010,394940,985239,645313,262357,339210,858874,599668,283184,513145,682218,978660,676768,784826,454616,26191,731226,48490,666460,754095,789402,38857,129128,161962,326289,35411,642857,828782,810288,13898,918724,425021,77004,464771,528936,323918,275615,206146,846946,972821,56172,393291,791312,564535,58030,101182,131870,189561,708994,850388,107079,397970,194025,657461,492349,436968,615453,788898,592667,48830,196154,328639,104331,469356,99830,683379,154733,976415,235068,14596,557021,313092,572099,369512,819725,605492,679828,902118,934926,650112,459160,74661,994870,806454,977748,207816,134702,701438,257668,581461,899852,612380,338707,643004,912401,886667,848506,869528,129578,835288,466389,749571,310895,958102,128056,239910,635329,949300,347608,422058,890693,532090,27924,363571,172041,692084,260673,969646,155111,497084,806386,358421,979397,220968,252860,844125,702028,958449,69707,373600,220456,572487,952214,621956,233244,890051,617628,41028,489182,877834,866645,668860,594508,769985,161142,908035,526353,672388,307490,15649,872656,518427,86106,592780,335371,384604,172524,997525,490897,44918,908648,730826,904542,774020,944510,787873,13876,373338,960290,16295,541791,405990,788472,298610,394225,335231,568773,885929,438149,736316,80182,17487,926063,482199,144547,597792,880816,198407,877555,292086,158768,615588,290071,659749,462679,673004,319838,716904,904301,209392,335287,278340,808327,46411,670918,632263,942914,917382,160186,344367,490377,632328,853860,871221,188794,279568,69917,745536,921723,859927,234004,620183,969868,693593,168415,212621,341388,865184,118952,421679,660761,61711,774731,399366,549051,831999,839854,440121,505715,314850,86626,244872,719864,971814,308255,606541,913443,340136,846026,951445,61145,911813,463449,520406,785321,716367,671115,903942,18895,316985,696398,815938,784809,660614,969377,620453,324077,95532,169134,742950,967446,979400,773515,649133,805063,884791,997791,852115,232745,747558,623866,818192,825508,111660,99143,515977,708661,325637,528111,703255,444795,929461,171480,155786,965024,425189,809386,591071,582044,325945,406854,456242,829612,59277,538916,79372,240309,970313,69951,194556,423654,963617,49610,397884,142184,603503,149667,288477,277567,975150,392256,296774,471831,850522,150243,945220,779310,191487,510808,576655,581011,641610,599898,872388,196291,357342,715694,764757,685238,157493,598568,646692,989939,954049,163356,349544,711885,75515,831201,885839,717150,99876,229996,522557,292543,31120,230971,323058,235825,714614,34319,175688,270470,488568,965432,50913,754576,850634,233741,575463,272382,308180,358689,946166,604386,355966,546402,413521,263099,337194,751059,561120,330158,262517,406745,608918,88671,304737,895995,32796,93518,372802,337987,289936,201834,109828,469163,431998,189156,524390,251274,134699,273758,673936,957290,375747,397685,749913,266048,994372,440574,272613,824599,4783,579289,603903,919386,575288,565216,347182,238056,274430,102415,979126,95049,55301,930122,336354,292820,298018,255076,902927,157331,258143,245088,440893,765137,507562,571782,329433,100846,253142,255960,199446,262148,923975,686063,686802,698560,552302,425104,491250,926373,49600,826304,547902,331629,600860,106397,93264,366201,379302,507547,312570,704217,116144,88049,516197,776062,201773,247568,13306,376870,414281,941071,78631,989138,936949,530099,462334,844178,649898,850344,547202,992209,25029,773305,940454,920313,240598,459530,790741,894546,847196,631403,299205,860167,701077,989601,148392,666342,322748,595058,984984,384784,689926,171970,754869,792910,538419,670344,997148,862283,474185,535648,869495,634057,863918,858359,988759,678687,924499,490831,443496,67181,726335,79462,80962,545347,691657,147592,941105,163736,894803,461068,275402,184100,783258,627663,888459,162016,770375,189816,433245,656065,417440,792809,406660,822169,964971,896534,448424,547091,133886,555081,718223,284962,316600,295095,804541,784455,502739,30472,29141,860639,718417,994991,172034,151178,125160,395128,422405,456566,340136,113093,622383,581107,569662,864269,989444,506948,993549,109774,463602,170787,759343,438483,874175,541202,322441,494063,637412,511607,562138,334526,78847,218383,303220,51327,985181,594879,394915,966143,118147,709068,834420,950236,402190,592981,863318,561644,347776,56261,968855,134201,22568,307537,1630,466343,472426,921426,239058,176289,344059,920327,225925,348325,52420,825199,443137,566326,620904,968739,846867,484325,652895,416626,252650,968103,207565,517962,644167,296734,935619,439575,431277,20287,305884,723593,681093,282643,536009,501593,962191,370043,289655,68666,706281,718657,588100,354171,547046,481338,691460,387467,985143,265162,532156,252281,916519,701865,248963,554018,43978,458755,808248,163855,713274,6435,540434,780423,261116,689214,760201,24183,261000,301068,387035,709515,7009,605291,981648,617088,309688,15585,487597,462672,887862,3119,107228,904046,201752,869604,554894,626382,161489,150924,399067,86492,5463,980790,249185,200286,724343,227255,732313,990518,45566,806878,843949,164352,157851,784407,834950,981847,322977,806734,223266,943644,665322,718524,222506,848298,950081,193079,506579,927744,74067,500013,561796,642559,637121,558147,850955,837522,666742,90987,87875,875832,522839,280140,153707,553371,647935,543740,897269,246039,194060,698869,547351,941056,417588,320779,841166,218305,927295,110468,474551,248284,972951,729934,35569,640643,62783,260734,968635,26643,375514,364835,708188,210724,214339,489518,182033,525554,706739,686844,133666,328623,985813,556654,448259,246689,753512,565012,386472,290750,938709,301589,686735,808441,946180,955911,710938,641927,430493,2,726940,56040,337056,174109,691810,46669,604626,993723,256378,412637,254125,788886,858174,604439,604031,307413,501885,277712,581787,839134,474099,997297,748498,261895,886897,408655,334963,704862,233864,872294,327950,814931,89794,631796,35888,647717,430688,183879,19785,492134,309927,196328,214095,10117,731851,431794,250246,605743,297578,896817,453052,466047,950613,102975,285587,544693,563119,567269,930474,30094,972877,634012,334433,254437,770736,654672,477915,866889,595836,694774,429208,349957,792541,205372,912596,849228,1095,338445,204310,189693,540416,778807,644238,160039,791698,980816,327311,296967,650754,780766,612308,222331,446031,933132,140541,346417,84371,463725,132931,796291,101378,869016,874694,305110,472385,323041,797393,180754,136318,718252,208864,606135,862960,953697,165823,529290,829587,123029,406653,398246,744279,743862,68286,956965,535346,810016,558964,83822,72815,114507,415566,699046,411890,118756,824215,402772,220765,216891,996796,621120,795223,959921,505018,429574,770953,609921,656942,235163,349201,317786,739909,805785,471760,410129,587542,915519,822589,973305,217662,805578,624469,126479,986745,303054,334854,280321,832708,819586,304670,897318,786284,871211,163882,20856,495093,271521,238204,686481,435467,34649,211028,998075,9822,426485,832416,578495,472249,652375,938215,119869,321983,164473,211227,704654,3130,295118,444711,75510,175877,524097,297844,201309,499049,619287,496976,669204,849213,205841,466618,957153,788155,996298,662828,310330,117157,327457,272727,511623,475557,638976,415126,354127,49832,77113,874249,824129,648919,729862,360657,686716,277629,877631,712846,180118,916899,452371,94800,869553,834903,276478,109659,717742,943490,191487,688808,601066,455379,330401,700305,608894,354605,508670,75591,542373,423880,592312,858778,458266,927378,857861,710566,475107,806716,105171,751970,244655,561128,520881,552506,831168,863184,415445,176268,916193,849742,30918,414439,235590,103735,808452,304420,623906,745751,680624,526611,686727,73119,872130,230548,363260,651819,817999,766413,22963,666289,86219,721505,672570,250718,696759,880241,329944,629783,121723,340621,603092,526069,824545,613958,555095,388016,868272,713885,173434,595829,332066,19783,487646,728104,367772,937941,105963,557008,518519,442801,809534,383586,70454,522400,258389,16391,644293,780658,298368,803612,900101,448478,626099,344947,774228,190411,427483,455567,901747,510721,583018,824544,469299,455330,848329,267537,710888,860171,397156,242624,907198,242512,382820,646443,888082,351749,137493,225438,35154,965043,931229,476038,996046,240226,388896,40076,305620,290018,984861,200309,780547,684152,644558,570574,523289,897716,220207,892186,742078,143852,789023,941907,846646,334958,974909,723867,888589,655478,789252,451022,529941,663257,591189,816895,817480,633583,497201,674077,309970,466700,541338,271823,49762,622521,291705,808909,881989,86469,90854,391188,421058,841245,959196,200861,477512,504507,126516,233026,906946,843948,597212,368238,723827,883521,961893,102460,147004,294101,754580,136470,635845,250939,866410,810183,125058,553928,95929,73634,207767,68961,621972,634745,170814,806851,888809,544414,868984,358188,73027,609649,713238,931528,361971,842608,312003,190762,538526,514510,781923,814955,627877,25472,915788,577493,163717,821799,531125,296049,885672,277371,723159,403780,352859,36647,328339,891428,19348,461921,887027,106190,44432,383487,597645,283729,493365,629612,325171,518616,481633,1435,889771,501587,970278,205082,597521,397781,962905,422791,742281,690161,407779,412596,939423,673641,281631,711066,959793,293703,698708,178330,23895,972418,951933,446136,486614,497467,850434,575448,878544,378628,546559,453199,588255,690471,569089,822001,653403,12058,273727,457278,564419,26123,341296,157286,301805,901717,700981,426234,110439,607203,217386,357076,39723,673240,846128,176334,51296,80119,63407,708332,828126,876162,779237,323316,751258,434670,356717,310662,63788,488494,324839,726331,692096,363546,728473,389567,443834,632057,722595,476891,310703,739344,349062,498920,33036,250936,470917,606815,269020,909945,380717,715317,320254,979715,28310,667554,762705,503852,161251,658706,259031,219793,409675,176500,866118,708224,679843,191246,980818,888561,668666,579878,997603,334974,346047,107231,405525,467233,46934,443412,495056,133206,797886,881372,241497,561501,19676,875366,27965,800474,117491,444735,819896,913057,264122,479798,307883,802873,165156,126405,402669,628390,605361,612109,32332,235849,80269,11738,271705,665595,40584,121004,13954,449232,895705,408978,857916,519501,597288,405416,340416,566603,521982,787959,382758,714748,652402,691938,504250,514812,177952,169928,962136,878282,679652,194137,180702,322513,468152,427785,954358,54687,856529,507124,715677,132036,581423,245837,127369,737496,556663,258225,876023,641874,236116,653069,572100,91206,694453,436154,775402,397359,170182,508062,293520,359587,502818,775824,798663,571768,162692,52834,328931,557508,496802,966639,378691,91387,118597,81325,754070,893818,721444,582840,21924,46990,506133,415842,330622,461048,894312,576691,214603,722947,556275,488860,867110,730318,771912,448847,275922,568734,612637,723415,704688,826318,21412,562130,443464,286741,983428,176668,809498,903742,443541,988860,613038,943847,96002,390470,331755,962842,265489,354819,272610,517273,94200,184702,335759,482348,48934,647754,325111,400860,708558,334157,780339,780236,95690,607630,629449,812303,388390,544416,223597,36382,96742,192425,976719,796554,775583,33226,60775,609442,65271,420357,636008,689702,428437,321747,877933,917753,147591,366961,530379,949363,133673,934391,467957,865793,616899,87561,920636,531511,438699,7934,557432,433095,345736,117314,262079,286306,740531,29490,269012,382447,824739,217350,658366,363869,348395,201406,111860,300556,165161,519486,334664,202477,905028,198994,66681,734414,713669,932260,235189,520388,600470,381395,423067,684848,141659,558656,517546,25004,810195,856118,405241,389191,185330,580947,631952,825743,953368,226694,104240,176439,601970,730218,74557,383383,819789,279393,469520,9933,86264,852906,452398,562593,222714,837278,563231,675340,55214,501794,310628,477596,735906,271331,772866,726156,725600,506944,404174,812454,225777,885271,713944,846226,815575,644344,752846,40580,713814,5052,353779,149021,650002,507123,619652,751959,370042,671853,676925,114389,918317,903983,749307,378121,207938,236023,866288,560360,579013,377845,645391,437198,672784,19882,825782,751064,983927,386398,401599,893354,752569,309148,343649,189230,927927,165723,596199,23888,381349,580245,684781,336480,942385,129977,996882,448033,731333,929977,76536,119720,917507,278313,685288,880778,611253,859029,572202,113145,172970,799529,289378,449979,110834,202923,634785,358617,630843,3139,709293,405443,520607,849352,699309,440095,175978,619018,580385,371301,436054,905676,857263,879902,557919,985969,618668,41678,796745,751167,75524,341504,797684,558205,569602,569838,155544,978887,298878,337514,760740,74844,237292,434190,176800,622481,758335,800558,183088,788784,249901,473428,661699,937076,647173,207197,762624,354063,567892,499186,172114,613207,414799,543497,212637,856042,88657,375372,53010,715001,604914,837121,193890,781597,54012,63651,271993,541576,442391,18790,781875,245329,515117,622828,488227,608597,376985,863506,561545,976923,43107,97372,618467,3696,761201,534567,134707,410150,594480,262563,286623,23003,317536,249933,224568,658095,10246,444782,598843,261971,989944,805262,720069,737315,257483,649449,329579,203965,701969,476586,307173,988567,959198,708717,92801,48089,865116,660386,746490,785654,629503,347506,463136,995288,902347,583345,819637,144367,75919,871767,487454,811124,774802,634937,737281,596384,580389,412747,209765,306244,37705,109908,673017,678833,331710,436021,469648,849677,239356,863394,151699,72334,304281,138536,659387,366845,201862,334337,551837,67994,308525,433283,23770,823717,622753,532802,280060,429784,328816,911946,111452,72742,169838,483762,834634,211417,90221,658868,28478,868630,643763,533325,3194,153876,650766,566119,254953,977337,75688,214717,600497,84270,665835,955770,476681,363170,540346,898789,211291,628244,458965,228003,443647,185868,27946,916415,478926,523371,920233,610329,738660,428072,244512,154292,706974,656700,2290,211466,450425,791264,753527,631042,168776,379421,247054,696174,729277,562806,259323,841867,879299,218568,625106,192629,270534,152159,544058,737179,564211,922259,471747,69985,813852,310711,913555,940181,424086,882248,756884,333102,379746,426294,442508,881925,868623,536452,162531,558340,433671,176233,551268,617612,482862,59772,46050,617086,819856,234985,185588,188392,665166,656610,770240,940467,923191,519761,347905,763153,709785,343466,929267,142924,712246,392883,572904,116096,541176,14839,497875,682476,146133,716784,838829,507432,56848,533960,742553,445886,974385,308121,961607,480273,638607,608678,931386,351936,23962,19973,711158,442136,17517,654186,915261,25066,375714,925033,767298,49324,105074,479600,743797,710694,241225,554474,644185,332947,2937,495634,961422,890053,667791,108937,18257,641392,193288,118585,521893,660136,158251,681791,161349,22722,464429,250172,222762,437690,533383,413196,127219,902412,690883,763791,745464,315823,646504,202733,454023,948010,445022,442945,404543,576359,865414,327490,515724,854037,274722,698794,694245,816286,507393,26900,171765,582854,97237,71806,250642,327600,711496,398365,832232,469783,828074,196818,987032,578615,507656,925929,49352,544761,170964,142140,387528,88825,759526,259537,758369,872730,399342,286150,985184,885252,700782,17622,35276,187922,738344,600703,104759,360605,911778,279236,314729,826202,510171,460005,668005,721127,271316,886175,495480,987363,790431,779258,804083,52335,897972,114244,651442,408402,576693,877065,250750,706618,262777,357177,334968,709493,669465,502791,13577,786406,271281,525595,509595,540137,175776,80051,842706,888565,249919,215937,668670,891996,156214,598657,60575,854850,654325,56849,113106,75282,231278,160768,711266,175255,347270,328476,156605,736447,736227,717989,437186,400579,904588,464827,619043,480738,324471,579815,285497,234598,606177,519938,955262,523051,592151,67907,369418,274944,156813,489981,385406,811552,707718,609817,789699,165479,866893,761186,226608,287685,935828,7249,9156,848224,701618,246643,531881,758097,705576,634338,275755,762577,771311,20612,354316,234247,540987,242097,72738,423698,600341,925426,363016,948857,622639,62919,36521,566745,196526,209331,770436,82519,279567,842680,56826,372495,144952,525845,505029,627074,177276,898795,779400,568400,931462,395051,757438,789956,517261,722168,559995,14916,13605,397580,851174,236844,524470,310986,523254,626650,185946,968242,558459,755033,462109,789082,244878,282054,728806,780159,156536,24563,52021,867905,204721,737852,316745,1560,654098,592412,625569,728146,316397,531484,305868,304140,732352,196483,676451,190012,948452,72729,579042,75526,49152,881438,408191,352092,454824,595909,197176,10947,402597,132654,864356,23208,101683,627867,985884,943627,138991,13822,482568,569968,113129,825544,503294,561330,199763,73435,391976,740968,138546,845898,748127,527106,937555,652813,993979,34904,593884,757166,141100,785583,87156,104035,758401,486260,963326,305844,645176,654825,603250,280324,191283,167537,925174,206683,597482,352564,634520,270244,465295,451980,16769,48277,157100,967256,111549,276964,520964,647911,83034,16597,188233,613030,584688,632640,102341,176309,76232,65363,447844,485582,611717,789014,797665,612743,714297,397991,100451,695174,949214,192217,935394,462790,185317,733569,164358,483761,208480,816309,493004,22640,220601,327222,891533,578728,944586,26481,962775,474043,565719,273280,39567,980046,352102,134944,756182,400767,360455,199618,987965,750621,613098,799517,824425,542794,238699,620247,535925,561731,677360,323655,91092,573400,473771,719081,955739,678336,512953,18692,600068,225580,943794,434120,113060,273209,91775,661997,967005,264267,975651,457874,106699,347108,332109,429660,242596,664534,766104,390096,842070,546097,546031,778433,41225,290121,155400,826356,563274,248842,196066,53523,102170,295376,568190,323816,437424,529785,734134,878209,224894,721182,854837,848815,602327,975941,365731,23090,59824,941487,959378,46355,502868,236806,116397,30095,429039,796338,716520,725480,510019,852978,599663,423363,72943,273821,237038,319315,352447,683348,166529,765582,443070,380968,137348,593446,416422,540106,418767,748180,64437,688527,824479,404792,116637,325798,833550,301990,477700,927428,121150,368050,858737,634290,138160,264532,399468,945669,628449,13348,157049,343421,432344,670357,662764,459418,378776,658320,645400,797059,27713,146965,595122,46069,690641,650516,491700,704655,529930,347478,424586,597438,974864,382628,206380,701471,381356,18338,521014,271807,92859,957716,296071,281036,329573,173051,635220,321846,256014,245451,396197,642172,311650,799598,753601,320410,734122,227719,328955,286516,854098,680439,117615,373828,993164,1430,207392,271361,623117,770669,309993,278578,750743,19777,328145,228734,424621,11819,992332,862863,703323,930199,68691,671842,572608,929104,505687,479829,391523,148976,812845,481997,216943,745609,566288,608954,365880,366713,296199,651061,826229,252113,92755,601744,678641,253917,780958,492008,80842,532249,818062,55354,286721,98374,160775,864888,571782,519315,13305,230951,235720,170279,82449,48732,212773,792645,118997,3626,477428,815146,93350,73656,268231,289645,845517,328286,804912,607339,510424,447929,529870,106323,198290,182941,903014,327923,851922,189168,520352,871328,978217,635530,194987,29066,58153,153543,984616,659807,559374,384638,312879,467610,976601,182733,972977,470514,861807,791347,37748,68169,594665,947103,985233,757280,752109,91492,867676,98178,536871,316672,157405,179632,107967,335683,696150,911294,137163,493971,695528,421097,965116,566986,777364,205082,213723,925082,573968,823988,470905,955780,691854,762451,401493,365829,612533,92786,368637,492640,114297,301022,653139,32404,761956,775386,500844,654167,410391,533399,16196,925847,27764,951924,640365,773175,708070,455048,475463,544234,135815,986489,174457,4361,495003,257864,806887,533763,200070,339490,971100,128379,99688,517505,926292,707698,607961,233523,698141,208145,217421,871066,154223,965579,682610,182534,759144,17704,943946,198347,955554,320220,139337,340796,94556,15399,323311,321499,958546,23022,522558,695469,34299,298960,406217,144560,840652,455005,530756,21130,526616,75908,346492,670330,864091,285930,778470,655185,583148,180760,874687,687491,257322,458365,245017,529536,598840,359524,542378,337525,202513,274039,788737,480520,865177,95340,508332,506189,131641,792521,221395,377651,571005,181451,22279,876578,176909,437364,201698,918326,220127,146584,241539,207064,955567,327112,163405,191933,580334,62434,684472,995451,625977,881341,196198,946000,245302,941482,537971,114893,439830,976785,811491,957516,785890,509146,767619,243345,887158,978520,710989,200991,670197,769504,77499,812902,716247,198899,43229,266207,745254,571819,544359,547712,604420,642257,216078,518451,605825,213896,88753,614107,887656,68420,685824,76617,805547,673792,949095,327178,264661,527393,994854,569699,843447,754529,689311,516980,970838,101583,225343,688166,139815,329159,35138,14167,512320,288963,924770,94264,265742,446646,595338,425155,964560,432141,445110,686492,169004,771700,648148,119950,20854,302191,630704,943963,804218,613400,47515,218128,876527,544171,347772,105326,600293,66383,914568,385378,847056,58544,97340,94958,215213,584283,817358,187694,157718,769248,422186,681347,42237,504053,432532,841698,224080,494220,314745,623833,886225,871428,594258,104018,234829,782807,752367,986356,982751,930815,42198,221640,617318,805270,66201,882693,997124,522346,888526,524816,677505,720830,210407,962854,256733,621462,320918,409866,844006,287766,944733,10678,121478,634708,93247,355982,153377,258983,444748,136463,584489,428442,157831,560226,335292,681182,373499,398059,263786,997439,268072,733536,138343,301452,189436,31144,666470,324720,941479,613668,19324,993519,133092,464641,181755,226763,240741,613159,185244,352261,849744,158369,339062,310909,702407,398727,767211,799102,726702,85678,795936,83734,75208,763794,436058,876304,581860,103437,395869,887897,362451,499909,818325,653163,916764,438552,907588,917917,646142,367023,681362,746288,189444,886459,806333,384601,106495,575319,752010,260111,543776,145937,217016,800933,101170,250171,987990,273391,106545,919852,480060,911025,413085,610044,656087,881201,388429,340391,388829,987905,869481,857260,377025,710360,615585,542250,589464,289155,991677,383653,715970,758631,104337,708827,899802,226589,536492,772989,864472,633216,649514,958898,27413,410402,363568,247324,806634,6108,955932,796163,41053,783310,509713,518319,914179,613575,770082,795081,789511,878623,534448,629816,45712,141488,687147,850774,298592,747496,566877,110122,773537,159179,59234,257889,340120,657784,604171,325878,840452,251438,236815,937862,431738,812385,38890,314512,165936,918352,280896,593522,507762,687127,26073,954315,869392,400346,777889,436238,991047,425505,478903,461068,245133,248646,70004,890933,913384,554365,323072,182292,998634,424193,33095,802590,138625,787786,604668,997520,403063,881414,461926,936328,423411,70561,765393,693731,626476,554377,777050,421884,532226,347452,628157,730936,616529,918528,316328,240148,495848,803992,134867,676577,2689,893376,69075,930472,69262,358994,869044,868491,169913,913847,493301,733687,720894,651204,294357,722593,789420,739773,292762,921897,632186,23702,821706,954806,708487,646321,911446,213694,511883,386724,369347,592155,486260,421612,368818,668175,113284,956693,617415,738835,908539,336774,989609,145232,886379,26747,711026,208413,265899,919792,851190,903969,712723,481676,50648,514163,762539,716342,929267,320162,338978,983340,922651,364548,479414,861768,471251,741676,394764,199618,83003,702580,568341,844949,103558,372369,21879,246919,231472,110274,271783,615768,974469,158333,801012,892115,157829,524327,259714,183063,412351,208466,733966,704993,562028,768512,555213,646923,125699,873685,164449,245356,977398,214867,287559,631841,560425,366520,109638,42620,475293,664640,585522,203836,553157,128241,911172,778932,780463,988053,565319,968219,326640,503654,229360,863297,856334,821518,483652,776047,787714,706238,380801,824836,682673,246524,142897,568269,997047,658877,1535,767737,195150,737126,654100,818222,9484,472589,513426,344659,29648,398647,788122,585948,22485,814980,916116,348779,156662,181757,857637,201634,797127,489549,633971,344134,729496,390727,917557,752123,857282,900318,284775,140294,513054,820383,598429,107971,333529,150236,365858,922649,876283,864559,59116,688435,272112,598566,197015,395939,896450,863050,902108,169269,611534,667574,395758,927547,451969,822354,104541,436749,231518,868978,132083,775036,364147,743713,210143,272931,302563,679896,640599,584525,981311,468346,889818,342731,647168,811181,840734,365575,747836,956408,195432,580475,284625,355376,835130,453071,423542,170745,872116,137078,650730,636297,230640,567280,260786,65485,828512,572250,79147,258923,447531,748934,88648,850844,625979,372097,611738,205317,387860,695167,727169,575745,881706,356197,832200,622469,314639,886738,202282,758363,51997,410143,375680,858711,764549,635817,234223,576284,154121,438399,755904,157953,54702,325569,424122,727632,643016,70207,47509,528547,72300,887977,406512,253024,87268,295287,435442,587581,735778,72368,908986,763553,400685,557926,76771,37419,231645,221888,732162,465768,59994,154916,796152,72019,232546,434437,667347,271755,736521,832269,287701,837462,179475,149638,285751,467233,555670,992712,101501,248942,27247,282788,700296,183232,804686,770994,646725,590610,46286,156933,469258,349387,926791,378112,863406,938388,979263,185115,487577,347848,793157,973207,235707,540525,898249,437509,131859,673004,807209,963554,443169,489099,655327,96542,769453,709452,632161,934547,524341,526392,632533,567642,387864,191323,127653,772437,410255,526182,811589,902409,657005,50029,548804,338326,975232,534828,923042,732284,350174,90626,821233,732377,272801,444500,446205,136293,407876,248135,638792,794356,599775,93985,115114,611112,293051,397453,224909,827636,282470,857990,282385,197235,780476,995855,609953,313589,66241,845600,375282,653102,474451,548278,204587,607976,794047,827972,627631,503207,790424,209029,488481,873880,594212,629994,598199,29327,819533,940195,452698,289661,445142,138281,781151,377022,413213,884117,579655,640080,299227,814962,58628,987749,785142,509604,879108,612205,701002,942059,440224,913644,813612,246472,760757,807994,744846,54013,324972,88347,980739,379429,730220,193715,592479,837684,978532,127815,684385,557141,296793,600017,126018,336081,383258,654247,494738,166601,481817,871204,870390,629943,453367,573145,576201,867442,442438,582372,919658,692569,670525,342223,955864,829374,17943,866800,982012,186899,949383,486961,154114,192209,160355,88517,372103,659083,895969,821477,7771,761978,984587,274774,853612,180645,783283,160217,450439,393603,253376,191292,810415,753400,295348,577460,540244,501548,523015,107835,993162,800926,851926,219,957106,485528,722399,679520,196183,780747,380816,905473,784890,674284,796616,403082,103840,964430,412293,591251,826962,382404,62971,58727,872725,175781,724800,856349,595300,591055,842083,796911,60620,351985,714388,909488,482951,562309,367143,992087,293086,320827,954909,126438,464891,950218,47900,64692,525189,372756,1438,793122,995242,40271,902568,338397,404738,677586,494777,247167,444612,224126,735773,649501,519816,111204,54392,192176,559511,894181,382005,319421,866507,987240,447326,638028,373657,668385,579185,804322,546893,574215,546951,8689,340562,132084,468363,764310,353836,891273,419975,560854,56752,928328,682350,929860,242532,659913,307495,90294,277082,541786,439145,167961,889528,375272,959705,699508,295499,469667,941320,172050,119020,493877,594306,830115,9639,250337,207289,642576,518446,705305,526937,163855,172419,548798,743760,203167,638062,404827,19662,666584,954527,722676,447402,54369,108549,372571,926484,603081,2002,375410,697180,515026,171018,351345,585231,983114,530423,965210,823883,313160,713555,606937,157952,94991,168612,288886,641038,618515,630511,643257,182762,345474,173089,122811,862605,202204,601973,556251,949437,671364,240715,487291,136083,924350,213949,762403,165588,954531,799754,632484,61070,126901,284108,897477,811302,853314,667167,282454,143835,201211,717106,864561,563100,875651,765577,518998,76549,101979,441237,153666,598682,180097,747527,737553,590371,521925,375345,212356,908625,433601,990028,542593,963900,83569,629832,458845,652300,181873,515731,709124,441562,513771,394042,857362,505162,780522,311071,885411,926165,405337,171465,326572,95816,966235,59671,122603,666096,827017,26242,482286,187615,269547,538472,523692,346708,593671,372913,69715,403686,184791,488589,491365,805841,797509,411330,597074,874042,228970,596093,107473,648696,969166,507770,470964,843927,367373,13287,402858,285289,896908,353734,981811,468589,877676,92360,820909,411102,951667,36971,706624,264068,626259,56540,238066,379736,971322,132423,554842,233560,332617,902879,908041,172598,579041,946679,840964,657110,161379,597652,931795,220287,498963,333826,691866,703485,112252,349274,49877,522195,894755,541053,927160,456953,395435,966113,233249,762458,500689,552211,486690,113433,644532,175389,815779,65941,753592,988946,192556,110620,587163,45874,978592,107772,610560,987727,720127,851749,592613,472559,830978,106369,781547,480807,983403,656767,767399,550710,607646,855686,905685,896127,108515,300233,207304,531075,619887,857095,694112,513485,99540,118332,289849,664569,667831,652119,666997,454174,973451,497338,824605,505761,382685,486365,540420,743435,926891,424785,248033,848114,609999,937723,100473,200041,587450,954109,340548,151468,675958,406290,788314,861887,494055,697188,332940,995381,756003,189919,376211,755289,797426,363047,193344,788289,892574,179714,960707,805322,839800,618990,383985,655849,962319,934454,306542,361375,433590,264952,961502,228493,149514,507003,814790,596375,861413,981924,38197,479531,791884,64188,582921,724651,133527,328004,363760,255883,453475,925312,566531,830934,639596,595346,493722,454560,873270,712972,830563,423923,745608,591601,92136,804365,26593,417015,113167,231754,924237,268505,912235,625661,809131,228200,797118,798626,174315,196098,284029,777401,667091,28061,406439,421676,954672,327492,404114,739908,435283,197754,575639,265158,378031,397163,824267,989538,533506,257567,787612,240002,628037,798503,335305,171813,469972,198798,163991,684797,826262,953792,959677,537467,10955,834998,710496,249103,7988,987642,6596,733766,122072,895004,35314,631696,484235,4346,280852,996157,459106,922733,167757,952336,307165,930375,48239,915790,36801,150710,355213,977564,897010,135978,780378,659370,348359,545073,346641,10673,531436,574479,240216,358219,566008,44143,312725,541173,418378,643393,349733,858279,637354,860765,506373,700164,177597,510370,934292,950807,696240,440936,724400]
